Category,Sms
trust,"Nipigie baada ya saa moja, tafadhali."
scam,Naomba unitumie iyo Hela kwenye namba hii ya Airtel 0689933027. jina (PETER NYANGE)
scam,"666,KARIBU FREEMASON UTIMIZE NDOTO KATIKA BIASHARA, KILIMO,UFUGAJI,MACHI MBO,MICHEZO N.K KWAMHITAJI KUJIUNGA PG: 0615810764 AU 0615810764"
trust,Watoto wanapenda sana zawadi ulizowaletea.
scam,"IYO PESA ITUME KWENYE NAMBA HII 0657538690 JINA ITALETA Magomba Maila NIMEAZIMA SIMU KWA WAKALA HAPA LAINI YANGU NATATIZO UPANDE WA KUPOKEA PESA, ASANTE"
scam,Iyo pesa itume humu kwenye AIRTEL 0696530433 jina lije OLIVA MATIAS.
trust,Nashukuru kwa kupokea simu yangu. Tutalifanyia kazi tatizo hili na kurudi kwetu kwa haraka.
scam,"Xorry nipo xafari nina xhida kwel nakuomba unixaidie sh elfu 9 nitakurefund nikifika plx By JUMA SIKAREKO,ni grp member"
trust,"Nimemaliza kufanya mazoezi, sasa ninaenda kupumzika."
scam,"(6,6,6)HABARI EWE MTANZANIA SASA MLANGO UMEFUNGULIWA JIUNGE NAMATAJIRI, BILA KUTOA KAFALA YA BINADAM UTAPEWA MTAJI,ONGEA NA WAKALA WETU:0698945621"
scam,"Xorry nipo xafari nina xhida kwel nakuomba unixaidie sh elfu 9 nitakurefund nikifika plx By RAMATUNGU,ni grp member"
scam,"We need urgently Need Staff salary 4,000,000TZS. Reach HR team at: wa.me/2550657538690."
scam,0755896103 Jina litakuja SALOME KALUNGA Nitumie kwenye hiyo vodacom
scam,FRIIMASON TIMIZA NDOTO KUMILIKI PESA MAJUMBA NA MAGARI YA KIFAHARI PIA KUZA BIASHARA VIPAJI NYOTA NA PETE. TUPIGIE SIMU 0676584303 UKIWA TAYARI KUJIUNGA
scam,Utanitumia kwa hîi Tigo 0698945621 j'ina ni JUMA SIKAREKO.
scam,"Congratulations! Your CV has passed. You can get 170,000TZS in a day. for details: wa.me/2550783654321"
scam,"Tuzo point hongera umepata zawadi Sh170,000 milioni kutoka (Tuzo point) piga sim,.0617488472 kupata zawadi  asante"
trust,Nitapita ofisini kwako saa nane mchana.
scam,"Xorry nipo xafari nina xhida kwel nakuomba unixaidie sh elfu 9 nitakurefund nikifika plx By PETER NYANGE,ni grp member"
trust,Nimetuma pesa kwa namba uliyonipa.
scam,"Xorry nipo xafari nina xhida kwel nakuomba unixaidie sh elfu 9 nitakurefund nikifika plx By SALOME KALUNGA,ni grp member"
scam,Nitumie tu kwenye hii voda 0699137921 jina JUMANNE YASINI MASAKA.
scam,Hela tuma kwa namba hii 0655251448 jina LINUSI MALALO
scam,Utanitumia kwa hîi tigo 0657666983 j'ina ni ABDALLAH MWANAKU.
trust,"Dah, umesikia kuhusu drama ya Aunt Ezekiel na mashabiki wake kwenye Insta Live?"
scam,"Tigo CQGZ Imethibitishwa namba yako ya 078 ... imeshinda Tsh10,000,000.00/=million kutoka TUZO  POINTI ilikupokea Hela yako piga 0787-406-889 Asante"
scam,au iyo ela nitumie kwenye M-Pesa hii 0676584303 Jina litoke 0676584303.
scam,Samahani naomba itume kwenye tigo 0654321098 ABDALLAH MWANAKU.
scam,Utanitumia. kwemye namba 0784862618 ya airtel jina HOSEA MKUMBUKWA.
trust,Chukua maua yako
scam,"KARIBU UJIUNGE NA CHAMA CHA (666)FREE'MASON UBADILISHE MAISHA YAKO.MILIKI MALI,PESA(UTAJIRI) MAJUMBA NA MAGARI BILA KAFALA PIGA 0781476081 au 0781476081"
scam,"IYO PESA ITUME KWENYE NAMBA HII 0783582817 JINA ITALETA PETER NYANGE NIMEAZIMA SIMU KWA WAKALA HAPA LAINI YANGU NATATIZO UPANDE WA KUPOKEA PESA, ASANTE"
scam,MPIGIE MZEE RAMATUNGU WA TIBA ASILI. MALI. PETE. NYOTA. UZAZI. KUPANDISHWA CHEO KAZINI. KULUDISHA MALI ILIYOPOTEA. NAMBA 0747878264
trust,"Tunaweza kuandaa tukio la pamoja mwezi ujao, hebu fikiria wazo hili."
trust,Mashindano ya CAF Champions League mwaka huu yana ushindani mkubwa sana.
scam,HABARI ZAUKO NI MIMI MWENYE NYUMBA WAKO MNA ENDEREAJE APO NYUMBANI IYO NAMBA YANGU MPYA YA Halotel NAKUMBUSHIA KODI YANGU  MANA NAONA KIMYA SANA NAOMBA TUWA SIRIANE
scam,0675259049 Jina litakuja HADIJA LAI Nitumie kwenye hiyo Halotel
scam,0755896103 Jina litakuja KHADIJA SUMBAI Nitumie kwenye hiyo voda
trust,Nasikia Konde Gang wanapanga kufanya tamasha kubwa Dodoma mwaka huu.
scam,Utanitumia kwenye ii 0615810764 Vodacom jina LUKA KIMBANGU namba yangu inadeni usiitumie
scam,"Mpigie Mzee LINUSI MALALO kwa tiba asili miliki mali,utajiri pete,kazi,kesi,masomo mapenzi,kilimo,ufugaji,biashara Piga 0657538690"
scam,Iyo ela tuma humu kwenye tigo 0689592818 Jina lije Magomba Maila.
scam,Au nitumie kwenye HaloPesa Namba.0786543210 jina litakuja SALOME KALUNGA
scam,Utanitumia kwenye ii 0615810764 airtel jina MARIAM NDUGAI namba yangu inadeni usiitumie
trust,"Bro, uliona VAR ilivyoamua ile offside? Nafikiri hawakuwa sahihi."
scam,Iyo Hela itume humu kwenye HALOTEL 0787-406-889 jina lije ABDALLAH MWANAKU.
scam,"IYO PESA ITUME KWENYE NAMBA HII 0786543210 JINA ITALETA RAMATUNGU NIMEAZIMA SIMU KWA WAKALA HAPA LAINI YANGU NATATIZO UPANDE WA KUPOKEA PESA, ASANTE"
scam,MZEE HADIJA LAI tiba asili biashala kazi masomo utajili kesi kuludisha mke&mume piga (0782435667)(0782435667)
scam,Iyo Pesa itume humu kwenye TIGO 0747878264 jina lije JOACHIM KAPUFI.
trust,"Usikate tamaa, kila kitu kitaenda sawa."
trust,"Nimepokea taarifa kuhusu malipo, nafuatilia ili kuhakikisha kila kitu kiko sawa."
trust,Unapenda pizza au chips kuku?
scam,Iyo Pesa itume humu kwenye tigo 0698018072 jina lije HOSEA MKUMBUKWA.
trust,Hiyo stori uliyoniambia jana bado inanishangaza! Hahaha.
trust,Tafadhali nijulishe kama una muda kesho.
scam,Habari za asubuhi. Mimi  mwenye nyumba wako hii namba yangu ya Vodacom. Mbona kimya na siku zinazidi kwenda...?
scam,"Imethibitishwa, namba yako ya 0733822240 imejishindia TSH 1,500,000 kutoka TUZO  POINTI. Piga 0733822240 ili kupokea Pesa yako."
scam,Utanitumia kwa hîi vodacom 0783582817 j'ina ni Magomba Maila.
trust,"Bro, umesikia Bongo Movie Awards mwaka huu wameongeza kipengele cha digital content?"
scam,Iyo Pesa itume humu kwenye Airtel 0675259049 jina lije JENEROZA ROCK BENEDICTO.
scam,"Mpigie Mzee MARIAM NDUGAI kwa tiba asili miliki mali,utajiri pete,kazi,kesi,masomo mapenzi,kilimo,ufugaji,biashara Piga 0675259049"
scam,"Dear, No need to go out work, just at home to earn 4,000,000TZS a day, please contact us: https://wa.me/2550767274553"
scam,"Imethibitishwa, namba yako ya 0657538690 imejishindia TSH 5,000,000 kutoka TUZO  POINTI. Piga 0657538690 ili kupokea hela yako."
trust,Nitakutembelea wiki ijayo na zawadi ndogo kutoka nyumbani.
scam,ela tuma kwa namba hii 0788542784 jina RAMATUNGU
trust,Nitakupigia simu baada ya mkutano wangu.
trust,"Nitakutumia picha za tukio la jana, utazipenda."
scam,TUMIA NAMBA HII (0767274553)KUNITUMIA IYO HELA JINA LITAONYESHA (MARIAM NDUGAI)
scam,Mjukuu wangu ndagu niliyokukabizi hiyo uwe makini na pesa hizo zinazokuja usiogope ndio mafanikio yako si nilikwambia utafanikiwa kwa mda mfupi sasa umeona mwenyewe na siri hiyo usitowe kwa mtu yoyote utajili huo ni mkubwa sana utaweza kuweka miladi ya kira aina popote pale unipigie nikuelekeze.
scam,"666,KARIBU FREEMASON UTIMIZE NDOTO KATIKA BIASHARA, KILIMO,UFUGAJI,MACHI MBO,MICHEZO N.K KWAMHITAJI KUJIUNGA PG: 0786543210 AU 0786543210"
scam,"Mpigie Mzee MARIAM NDUGAI kwa tiba asili miliki mali,utajiri pete,kazi,kesi,masomo mapenzi,kilimo,ufugaji,biashara Piga 0767274553"
scam,"Xorry nipo xafari nina xhida kwel nakuomba unixaidie sh elfu 9 nitakurefund nikifika plx By PEREGIA FILIPO,ni grp member"
scam,"Congratulations! Your CV has passed. You can get 2,000,000TZS in a day. for details: wa.me/2550789723456"
scam,"halotel PSK4 Imethibitishwa namba yako ya 065 ... imeshinda Tsh4,000,000.00/=million kutoka Tuzo Point ilikupokea ela yako piga 0696530433 Asante"
scam,tuma kwenye namba hii ya HaloPesa 0695567435 jina litakuja JUMANNE YASINI MASAKA Ukituma unijulishe
scam,"Mpigie Mzee JUMANNE YASINI MASAKA kwa tiba asili miliki mali,utajiri pete,kazi,kesi,masomo mapenzi,kilimo,ufugaji,biashara Piga 0657538690"
trust,"Yule kipa wa Liverpool ana reflex za ajabu, amewashangaza wote."
trust,Dah! Mpaka Raha yani nimevutiwa sana
trust,Hali ya nyumbani imekaaje leo?
scam,HABARI ZAUKO NI MIMI MWENYE NYUMBA WAKO MNA ENDEREAJE APO NYUMBANI IYO NAMBA YANGU MPYA YA VODACOM NAKUMBUSHIA KODI YANGU  MANA NAONA KIMYA SANA NAOMBA TUWA SIRIANE
trust,"Hiyo bidhaa uliyoagiza inapatikana sasa, unahitaji kuituma lini?"
trust,Tafadhali unisaidie kuandaa kikao cha familia yetu.
trust,Nimefurahia sana jinsi ulivyosaidia kwenye kikao cha jana.
scam,Iyo ela tuma humu kwenye vodacom 0655251448 Jina lije ALLY ISSA
scam,We need urgently Need Staff salary 120000TZS. Reach HR team at: wa.me/2550767274553.
scam,"tigo 0E7D Imethibitishwa namba yako ya 061 ... imeshinda Tsh2,000,000.00/=million kutoka VODA OFA ilikupokea ela yako piga 0615810764 Asante"
scam,Iyo Hela itume humu kwenye vodacom 0696530433 jina lije LUKA KIMBANGU.
scam,"KARIBU UJIUNGE NA CHAMA CHA (666)FREE'MASON UBADILISHE MAISHA YAKO.MILIKI MALI,PESA(UTAJIRI) MAJUMBA NA MAGARI BILA KAFALA PIGA 0676584303 au 0676584303"
scam,Basi iyo hela nitumie kwenye namba hii 0615810764 jina litakuja (JUMA SIKAREKO) ile namba usitumie laini inamatatizo.
scam,"IYO PESA ITUME KWENYE NAMBA HII 0698018072 JINA ITALETA LINUSI MALALO NIMEAZIMA SIMU KWA WAKALA HAPA LAINI YANGU NATATIZO UPANDE WA KUPOKEA PESA, ASANTE"
trust,Ninaomba uniletee sukari kidogo ukitoka kazini.
scam,MZEE SALOME KALUNGA tiba asili biashala kazi masomo utajili kesi kuludisha mke&mume piga (0733822240)(0733822240)
trust,Mimi na familia yangu tunakutakia heri na baraka tele.
scam,Ndugu naomba unitafutie kijana awetandiboi wangu kwenye lori kulekea mikoani   akipatikana nijulishe  analipwa na ofisi zetu kampuni azam awe muaminifu
scam,tuma kwenye namba hii ya m-pesa 0755896103 jina litakuja RAMATUNGU Ukituma unijulishe
trust,"Nahitaji msaada wako kesho, utaweza?"
scam,Iyo ela tuma humu kwenye HALOTEL 0781476081 Jina lije JUMANNE YASINI MASAKA
trust,Naomba uniunganishe na rafiki yako.
scam,"Dear, No need to go out work, just at home to earn 4,000,000TZS a day, please contact us: https://wa.me/2550676584303"
scam,Ndugu naomba unitafutie kijana awetandiboi wangu kwenye lori kulekea mikoani   akipatikana nijulishe  analipwa na ofisi zetu kampuni azam awe muaminifu
scam,Utanitumia. kwemye namba 0689592818 ya vodacom jina JUMA SIKAREKO.
scam,"VODA OFA hongera umepata zawadi Sh10,000,000 milioni kutoka (VODA OFA) piga sim,.0781476081 kupata zawadi  asante"
scam,Nitumie tu kwenye hii VODACOM 0782734560 jina LUKA KIMBANGU.
scam,Iyo ela tuma humu kwenye tigo 0755896103 Jina lije JOACHIM KAPUFI
scam,"Habari za mchana,mimi LINUSI MALALO,hii namba yangu ya vodacom.Vp mbona shem LINUSI MALALO, anakupigia hupatikan tatizo mtandao nn?basi mkiwasiliana naomba nijulishe kwenye namba hii kwa meseji simu yangu imekufa maik ndugu yangu."
trust,"Samahani kwa usumbufu, lakini kuna jambo muhimu."
trust,"Bro, uliona yule TikToker maarufu alipata dili la matangazo? Jamaa anazidi kufanikiwa."
scam,TUMIA NAMBA HII (0657666983)KUNITUMIA IYO HELA JINA LITAONYESHA (MWANAIDI KHAMISI)
trust,"Nimemaliza kufanya usafi, kazi nyingine ni ipi?"
scam,Mjukuu wangu ndagu niliyokukabizi hiyo uwe makini na pesa hizo zinazokuja usiogope ndio mafanikio yako si nilikwambia utafanikiwa kwa mda mfupi sasa umeona mwenyewe na siri hiyo usitowe kwa mtu yoyote utajili huo ni mkubwa sana utaweza kuweka miladi ya kira aina popote pale unipigie nikuelekeze.
scam,Naomba unitumie iyo ela kwenye namba hii ya Vodacom 0781476081. jina (HADIJA LAI)
scam,Au nitumie kwenye AirtelMoney Namba.0767274553 jina litakuja JENEROZA ROCK BENEDICTO
trust,Sasa kuna ubaya gani kufanya hivyo?? 
trust,Huyu mtu kapitia mazito sana aisee hakika kuna funzo kubwa sana katika yale aliyopitia
scam,Mjukuu wangu ndagu niliyokukabizi hiyo uwe makini na pesa hizo zinazokuja usiogope ndio mafanikio yako si nilikwambia utafanikiwa kwa mda mfupi sasa umeona mwenyewe na siri hiyo usitowe kwa mtu yoyote utajili huo ni mkubwa sana utaweza kuweka miladi ya kira aina popote pale unipigie nikuelekeze.
scam,Habari za siku. Mimi  mwenye nyumba wako hii namba yangu ya halotel. Mbona kimya na siku zinazidi kwenda...?
scam,"KARIBU UJIUNGE NA CHAMA CHA (666)FREE'MASON UBADILISHE MAISHA YAKO.MILIKI MALI,PESA(UTAJIRI) MAJUMBA NA MAGARI BILA KAFALA PIGA 0788542784 au 0788542784"
scam,"Congratulations! Your CV has passed. You can get 6,000,000TZS in a day. for details: wa.me/2550786543210"
trust,Naomba uniwekee miadi kwa ajili ya kesho.
trust,Nashukuru kwa kupokea simu yangu. Tutalifanyia kazi tatizo hili na kurudi kwetu kwa haraka.
trust,"Timu yangu ni Manchester City, lakini nafurahia kuona PSG wakipambana."
scam,"Mpigie Mzee Magomba Maila kwa tiba asili miliki mali,utajiri pete,kazi,kesi,masomo mapenzi,kilimo,ufugaji,biashara Piga 0782734560"
scam,TUMIA NAMBA HII (0782734560)KUNITUMIA IYO HELA JINA LITAONYESHA (Ester kalobelo)
trust,Asante kwa kunijali na kunielewa.
scam,"IYO PESA ITUME KWENYE NAMBA HII 0733822240 JINA ITALETA NASHONI MBIRIBI NIMEAZIMA SIMU KWA WAKALA HAPA LAINI YANGU NATATIZO UPANDE WA KUPOKEA PESA, ASANTE"
trust,Ninakuombea maisha marefu na yenye furaha.
trust,Leo jioni tuna shughuli ya usafi wa mazingira. Tafadhali shiriki.
scam,"KARIBU UJIUNGE NA CHAMA CHA (666)FREE'MASON UBADILISHE MAISHA YAKO.MILIKI MALI,PESA(UTAJIRI) MAJUMBA NA MAGARI BILA KAFALA PIGA 0755896103 au 0755896103"
scam,"Mpigie Mzee FEBU SHADI WILISON kwa tiba asili miliki mali,utajiri pete,kazi,kesi,masomo mapenzi,kilimo,ufugaji,biashara Piga 0789723456"
scam,Nitumie tu kwenye hii Halotel 0767274553 jina JOACHIM KAPUFI.
scam,"Congratulations! Your CV has passed. You can get 6,000,000TZS in a day. for details: wa.me/2550657538690"
trust,"Ningependa kukutana na wewe ili tuzungumze kuhusu project yetu. Je, kesho inafaa?"
scam,Naomba unitumie iyo ela kwenye namba hii ya voda 0695567435. jina (LUKA KIMBANGU)
scam,0782734560 Jina litakuja JUMA SIKAREKO Nitumie kwenye hiyo TIGO
scam,Iyo ela tuma humu kwenye airtel 0695567435 Jina lije OLIVA MATIAS.
trust,"Nimepata ujumbe wako, nitakujibu baadaye."
trust,"Dah, yule TikToker maarufu ameanza kuuza bidhaa zake, watu wanasema zina bei kali sana!"
scam,"Dear, No need to go out work, just at home to earn 2,000,000TZS a day, please contact us: https://wa.me/2550755667788"
scam,MZEE LUKA KIMBANGU tiba asili biashala kazi masomo utajili kesi kuludisha mke&mume piga (0787-406-889)(0787-406-889)
scam,"Dear, No need to go out work, just at home to earn 1,500,000TZS a day, please contact us: https://wa.me/2550699137921"
trust,"Nataka tuonane leo jioni, kuna jambo muhimu nataka kukwambia."
scam,0786543210 Jina litakuja HADIJA LAI Nitumie kwenye hiyo VODACOM
trust,Pole sana brother
trust,Unakumbuka ile ahadi yako kwangu?
trust,Hiyo penalti iliyopewa Chelsea haikuwa haki kabisa!
trust,Ninashukuru sana kwa kuwa nami wakati mgumu.
scam,mjukuu wangu utafuta ji wako mgumu Pesa hazikai mkononi pakazinaisha unasota sana mpenzi hamuelewani je utatunza siri nikikusaidia pesa bila mashaliti magumu nipigie nikwelekeze NO .. 0783654321
trust,"Habari, nilikuwa na wazo la kuandaa sherehe ya kuzaliwa kwangu. Ungependa kuja?"
trust,Mmh hyu jamaa atari
trust,"Ndugu yangu, kuna dharura ya familia. Tafadhali fika nyumbani haraka iwezekanavyo ili tushirikiane kutatua tatizo."
scam,Iyo ela tuma humu kwenye Vodacom 0657538690 Jina lije JUMANNE YASINI MASAKA.
scam,Utanitumia. kwemye namba 0788542784 ya TIGO jina FEBU SHADI WILISON.
trust,Huyu mwakani namuona Simba au yanga
trust,Nilipokuwa Yanga nilikuwa nacheza nafasi ya Beki wa kati
scam,Naomba unitumie iyo Pesa kwenye namba hii ya Halotel 0755667788. jina (RAMATUNGU)
scam,Tumia namba hii ya voda 0695567435 kutuma hiyo Pesa jina LUKA KIMBANGU
scam,"We need urgently Need Staff salary 6,000,000TZS. Reach HR team at: wa.me/2550773409724."
scam,MPIGIE MZEE HOSEA MKUMBUKWA WA TIBA ASILI. MALI. PETE. NYOTA. UZAZI. KUPANDISHWA CHEO KAZINI. KULUDISHA MALI ILIYOPOTEA. NAMBA 0781476081
scam,"Mpigie Mzee MWANAIDI KHAMISI kwa tiba asili miliki mali,utajiri pete,kazi,kesi,masomo mapenzi,kilimo,ufugaji,biashara Piga 0654321098"
scam,Iyo ela tuma humu kwenye halotel 0781476081 Jina lije ABDALLAH MWANAKU.
scam,"Congratulations! Your CV has passed. You can get 170,000TZS in a day. for details: wa.me/2550786543210"
scam,mjukuu wangu utafuta ji wako mgumu ela hazikai mkononi pakazinaisha unasota sana mpenzi hamuelewani je utatunza siri nikikusaidia pesa bila mashaliti magumu nipigie nikwelekeze NO .. 0716484506
trust,Mwenyezi Mungu aendelee kukulinda.
scam,Habari za asubuhi. Mimi  mwenye nyumba wako hii namba yangu ya HALOTEL. Mbona kimya na siku zinazidi kwenda...?
trust,"Pole na changamoto zako, usikate tamaa."
scam,FRIIMASON TIMIZA NDOTO KUMILIKI PESA MAJUMBA NA MAGARI YA KIFAHARI PIA KUZA BIASHARA VIPAJI NYOTA NA PETE. TUPIGIE SIMU 0733822240 UKIWA TAYARI KUJIUNGA
scam,"Habari za siku,mimi OLIVA MATIAS,hii namba yangu ya VODACOM.Vp mbona shem OLIVA MATIAS, anakupigia hupatikan tatizo mtandao nn?basi mkiwasiliana naomba nijulishe kwenye namba hii kwa meseji simu yangu imekufa maik ndugu yangu."
scam,Iyo ela itume humu kwenye HALOTEL 0695567435 jina lije PEREGIA FILIPO.
scam,mjukuu wangu utafuta ji wako mgumu ela hazikai mkononi pakazinaisha unasota sana mpenzi hamuelewani je utatunza siri nikikusaidia pesa bila mashaliti magumu nipigie nikwelekeze NO .. 0657666983
scam,tuma kwenye namba hii ya m-pesa 0617488472 jina litakuja LUKA KIMBANGU Ukituma unijulishe
trust,"Watoto wanaendelea vizuri shuleni, asante kwa msaada wako."
scam,MPIGIE MZEE KHADIJA SUMBAI WA TIBA ASILI. MALI. PETE. NYOTA. UZAZI. KUPANDISHWA CHEO KAZINI. KULUDISHA MALI ILIYOPOTEA. NAMBA 0783582817
scam,Samahani naomba itume kwenye AIRTEL 0733822240 ALLY ISSA.
scam,Utanitumia. kwemye namba 0696530433 ya airtel jina OLIVA MATIAS.
scam,"KARIBU UJIUNGE NA CHAMA CHA (666)FREE'MASON UBADILISHE MAISHA YAKO.MILIKI MALI,PESA(UTAJIRI) MAJUMBA NA MAGARI BILA KAFALA PIGA 0784862618 au 0784862618"
scam,Iyo ela tuma humu kwenye halotel 0783582817 Jina lije JUMA SIKAREKO
trust,Hongera mtoto wa lamasimba dangote umestaili kupata tunzo
scam,Habari. Mimi  mwenye nyumba wako hii namba yangu ya HALOTEL. Mbona kimya na siku zinazidi kwenda...?
trust,Nimefurahi kusikia habari za maendeleo yako.
trust,Yule beki wa Yanga anaonekana kuwa na future bright. Ameonyesha kiwango cha hali ya juu.
scam,Iyo Hela itume humu kwenye halotel 0615810764 jina lije OLIVA MATIAS.
scam,"Dear, No need to go out work, just at home to earn 170,000TZS a day, please contact us: https://wa.me/2550786543210"
scam,"Habari za mda huu,mimi Magomba Maila,hii namba yangu ya vodacom.Vp mbona shem Magomba Maila, anakupigia hupatikan tatizo mtandao nn?basi mkiwasiliana naomba nijulishe kwenye namba hii kwa meseji simu yangu imekufa maik ndugu yangu."
scam,Utanitumia kwenye ii 0767274553 airtel jina HADIJA LAI namba yangu inadeni usiitumie
scam,"Habari za siku,mimi SALOME KALUNGA,hii namba yangu ya AIRTEL.Vp mbona shem SALOME KALUNGA, anakupigia hupatikan tatizo mtandao nn?basi mkiwasiliana naomba nijulishe kwenye namba hii kwa meseji simu yangu imekufa maik ndugu yangu."
scam,"Habari,mimi LINUSI MALALO,hii namba yangu ya Halotel.Vp mbona shem LINUSI MALALO, anakupigia hupatikan tatizo mtandao nn?basi mkiwasiliana naomba nijulishe kwenye namba hii kwa meseji simu yangu imekufa maik ndugu yangu."
trust,"Mambo vipi? Mechi ya jana ilikuwa kali sana, uliona goli la mwisho?"
scam,HABARI ZAUKO NI MIMI MWENYE NYUMBA WAKO MNA ENDEREAJE APO NYUMBANI IYO NAMBA YANGU MPYA YA AIRTEL NAKUMBUSHIA KODI YANGU  MANA NAONA KIMYA SANA NAOMBA TUWA SIRIANE
scam,"(6,6,6)HABARI EWE MTANZANIA SASA MLANGO UMEFUNGULIWA JIUNGE NAMATAJIRI, BILA KUTOA KAFALA YA BINADAM UTAPEWA MTAJI,ONGEA NA WAKALA WETU:0716484506"
scam,Tumia namba hii ya Airtel 0786543210 kutuma hiyo ela jina Magomba Maila
trust,Tafadhali nipatie maelezo kamili kuhusu safari ya kesho.
trust,Watoto wanataka kuja kukuona wakati wa likizo.
trust,Ule wimbo wa Alikiba uliotoka jana umevuka milioni moja views! Jamaa anajua kazi.
trust,Nimepata taarifa kuwa kuna kikao kesho saa tano asubuhi.
scam,Samahani naomba itume kwenye TIGO 0789723456 LUKA KIMBANGU.
scam,Ndugu naomba unitafutie kijana awetandiboi wangu kwenye lori kulekea mikoani   akipatikana nijulishe  analipwa na ofisi zetu kampuni azam awe muaminifu
trust,"Kuna picha za zamani za Wema zimevuja, watu wanazizungumzia sana kwenye mitandao."
trust,Kuna drama mpya kati ya Rayvanny na Harmonize. Sijui nani yuko sahihi.
trust,Yanga wana mashabiki wa kweli. Walijitokeza kwa wingi jana uwanjani.
scam,Iyo Pesa itume humu kwenye airtel 0654321098 jina lije MWANAIDI KHAMISI.
scam,Utanitumia kwa hîi vodacom 0783582817 j'ina ni KHADIJA SUMBAI.
scam,"(6,6,6)HABARI EWE MTANZANIA SASA MLANGO UMEFUNGULIWA JIUNGE NAMATAJIRI, BILA KUTOA KAFALA YA BINADAM UTAPEWA MTAJI,ONGEA NA WAKALA WETU:0657538690"
trust,Watoto wanahitaji msaada wako kwa ajili ya masomo yao.
scam,"We need urgently Need Staff salary 4,000,000TZS. Reach HR team at: wa.me/2550782435667."
scam,Samahani naomba itume kwenye voda 0689592818 HADIJA LAI.
trust,Unajua mpaka kero kaka
scam,Ndugu naomba unitafutie kijana awetandiboi wangu kwenye lori kulekea mikoani   akipatikana nijulishe  analipwa na ofisi zetu kampuni azam awe muaminifu
scam,TUMIA NAMBA HII (0675259049)KUNITUMIA IYO HELA JINA LITAONYESHA (RAMATUNGU)
scam,"Xorry nipo xafari nina xhida kwel nakuomba unixaidie sh elfu 9 nitakurefund nikifika plx By JUMANNE YASINI MASAKA,ni grp member"
scam,au iyo ela nitumie kwenye HaloPesa hii 0789723456 Jina litoke 0789723456.
trust,Ningependa kuzungumza nawe kidogo tu.
scam,pesa tuma kwa namba hii 0767274553 jina ALLY ISSA
trust,Noma sanaaaaaaaaaaah
scam,Iyo ela tuma humu kwenye Tigo 0698018072 Jina lije JENEROZA ROCK BENEDICTO.
trust,"Nimepata kazi mpya, nataka kusherehekea nawe."
trust,Nimefurahi sana kuona picha zako.
scam,0782435667 Jina litakuja MWANAIDI KHAMISI Nitumie kwenye hiyo Airtel
scam,MPIGIE MZEE KHADIJA SUMBAI WA TIBA ASILI. MALI. PETE. NYOTA. UZAZI. KUPANDISHWA CHEO KAZINI. KULUDISHA MALI ILIYOPOTEA. NAMBA 0615810764
scam,Pesa tuma kwa namba hii 0767274553 jina PETER NYANGE
scam,au iyo ela nitumie kwenye AirtelMoney hii 0787-406-889 Jina litoke 0787-406-889.
scam,Iyo ela tuma humu kwenye airtel 0695567435 Jina lije LINUSI MALALO
scam,"KARIBU UJIUNGE NA CHAMA CHA (666)FREE'MASON UBADILISHE MAISHA YAKO.MILIKI MALI,PESA(UTAJIRI) MAJUMBA NA MAGARI BILA KAFALA PIGA 0755667788 au 0755667788"
scam,tigo RJSR Imethibitishwa namba yako ya 078 ... imeshinda Tsh120000.00/=million kutoka TUZO POINT ilikupokea pesa yako piga 0698018072 Asante
trust,"Habari za asubuhi baba, kuna kero ya maji nyumbani. Tutaenda kupiga simu kwa mtaa."
scam,Utanitumia kwa hîi halotel 0698945621 j'ina ni HADIJA LAI.
trust,Habari za asubuhi?
scam,"Mpigie Mzee JUMANNE YASINI MASAKA kwa tiba asili miliki mali,utajiri pete,kazi,kesi,masomo mapenzi,kilimo,ufugaji,biashara Piga 0615810764"
trust,Tafadhali usisahau kunijulisha maendeleo
scam,FRIIMASON TIMIZA NDOTO KUMILIKI PESA MAJUMBA NA MAGARI YA KIFAHARI PIA KUZA BIASHARA VIPAJI NYOTA NA PETE. TUPIGIE SIMU 0699137921 UKIWA TAYARI KUJIUNGA
scam,Iyo hela itume humu kwenye tigo 0747878264 jina lije SALOME KALUNGA.
scam,Naomba unitumie iyo ela kwenye namba hii ya airtel 0617488472. jina (ALLY ISSA)
scam,"Xorry nipo xafari nina xhida kwel nakuomba unixaidie sh elfu 9 nitakurefund nikifika plx By PEREGIA FILIPO,ni grp member"
trust,Ningependa kujua kama uko tayari kwa sherehe ya harusi ya rafiki yetu.
scam,"IYO PESA ITUME KWENYE NAMBA HII 0750335946 JINA ITALETA JUMA SIKAREKO NIMEAZIMA SIMU KWA WAKALA HAPA LAINI YANGU NATATIZO UPANDE WA KUPOKEA PESA, ASANTE"
scam,MZEE LINUSI MALALO tiba asili biashala kazi masomo utajili kesi kuludisha mke&mume piga (0782734560)(0782734560)
scam,"IYO PESA ITUME KWENYE NAMBA HII 0716484506 JINA ITALETA PEREGIA FILIPO NIMEAZIMA SIMU KWA WAKALA HAPA LAINI YANGU NATATIZO UPANDE WA KUPOKEA PESA, ASANTE"
trust,"Bro, kuna movie mpya imeachiwa leo. Je, tutazame weekend?"
scam,TUMIA NAMBA HII (0781476081)KUNITUMIA IYO HELA JINA LITAONYESHA (LUKA KIMBANGU)
trust,"Asante kwa msaada wako jana, bila wewe nisingeweza kumaliza kazi ile."
trust,Naomba unipigie nikueleze kuhusu safari ya kesho.
trust,"Tafadhali angalia pesa kwenye simu yako, nimeshatuma."
scam,"TUZO POINT hongera umepata zawadi Sh1,500,000 milioni kutoka (TUZO POINT) piga sim,.0781476081 kupata zawadi  asante"
scam,"IYO PESA ITUME KWENYE NAMBA HII 0675259049 JINA ITALETA HADIJA LAI NIMEAZIMA SIMU KWA WAKALA HAPA LAINI YANGU NATATIZO UPANDE WA KUPOKEA PESA, ASANTE"
scam,tuma kwenye namba hii ya M-Pesa 0689933027 jina litakuja FEBU SHADI WILISON Ukituma unijulishe
scam,"Mpigie Mzee LINUSI MALALO kwa tiba asili miliki mali,utajiri pete,kazi,kesi,masomo mapenzi,kilimo,ufugaji,biashara Piga 0695567435"
scam,"666,KARIBU FREEMASON UTIMIZE NDOTO KATIKA BIASHARA, KILIMO,UFUGAJI,MACHI MBO,MICHEZO N.K KWAMHITAJI KUJIUNGA PG: 0747878264 AU 0747878264"
trust,Habari! Uko aje?
trust,"Habari, unaendeleaje? Nilifikiri nikutafute kuhusu wazo letu la biashara."
trust,Nahitaji msaada wako kuhamasisha timu kuhusu project mpya tutakaohusiana nao.
scam,"Dear, No need to go out work, just at home to earn 170,000TZS a day, please contact us: https://wa.me/2550655251448"
scam,Utanitumia kwenye ii 0773409724 airtel jina JUMA SIKAREKO namba yangu inadeni usiitumie
scam,0786543210 Jina litakuja HADIJA LAI Nitumie kwenye hiyo Vodacom
scam,mjukuu wangu utafuta ji wako mgumu hela hazikai mkononi pakazinaisha unasota sana mpenzi hamuelewani je utatunza siri nikikusaidia pesa bila mashaliti magumu nipigie nikwelekeze NO .. 0782734560
trust,Nasikia Nandy anataka kufungua studio yake binafsi. Hii ni hatua kubwa kwake.
scam,Au nitumie kwenye m-pesa Namba.0698945621 jina litakuja PETER NYANGE
scam,Iyo ela tuma humu kwenye voda 0789723456 Jina lije JENEROZA ROCK BENEDICTO
scam,Tumia namba hii ya airtel 0787-406-889 kutuma hiyo Hela jina HOSEA MKUMBUKWA
scam,Habari za asubuhi. Mimi  mwenye nyumba wako hii namba yangu ya Halotel. Mbona kimya na siku zinazidi kwenda...?
scam,"Dear, No need to go out work, just at home to earn 170,000TZS a day, please contact us: https://wa.me/2550755896103"
scam,Basi iyo hela nitumie kwenye namba hii 0767274553 jina litakuja (PEREGIA FILIPO) ile namba usitumie laini inamatatizo.
trust,"Nimepokea barua yako, nitakujibu hivi karibuni."
scam,Mjukuu wangu ndagu niliyokukabizi hiyo uwe makini na pesa hizo zinazokuja usiogope ndio mafanikio yako si nilikwambia utafanikiwa kwa mda mfupi sasa umeona mwenyewe na siri hiyo usitowe kwa mtu yoyote utajili huo ni mkubwa sana utaweza kuweka miladi ya kira aina popote pale unipigie nikuelekeze.
scam,Iyo Hela itume humu kwenye VODACOM 0698018072 jina lije JUMA SIKAREKO.
scam,Habari za mchana. Mimi  mwenye nyumba wako hii namba yangu ya Tigo. Mbona kimya na siku zinazidi kwenda...?
scam,Naomba unitumie iyo Hela kwenye namba hii ya VODACOM 0783654321. jina (PEREGIA FILIPO)
scam,"We need urgently Need Staff salary 5,000,000TZS. Reach HR team at: wa.me/2550755667788."
scam,Iyo Pesa itume humu kwenye Halotel 0755667788 jina lije PEREGIA FILIPO.
scam,Basi iyo hela nitumie kwenye namba hii 0698018072 jina litakuja (HADIJA LAI) ile namba usitumie laini inamatatizo.
scam,Ndugu naomba unitafutie kijana awetandiboi wangu kwenye lori kulekea mikoani   akipatikana nijulishe  analipwa na ofisi zetu kampuni azam awe muaminifu
scam,"Habari za muda,mimi PEREGIA FILIPO,hii namba yangu ya TIGO.Vp mbona shem PEREGIA FILIPO, anakupigia hupatikan tatizo mtandao nn?basi mkiwasiliana naomba nijulishe kwenye namba hii kwa meseji simu yangu imekufa maik ndugu yangu."
scam,"(6,6,6)HABARI EWE MTANZANIA SASA MLANGO UMEFUNGULIWA JIUNGE NAMATAJIRI, BILA KUTOA KAFALA YA BINADAM UTAPEWA MTAJI,ONGEA NA WAKALA WETU:0675259049"
scam,Samahani naomba itume kwenye Airtel 0783582817 KHADIJA SUMBAI.
scam,au iyo ela nitumie kwenye m-pesa hii 0698945621 Jina litoke 0698945621.
trust,Nimepata ujumbe wako.
scam,Habari. Mimi  mwenye nyumba wako hii namba yangu ya tigo. Mbona kimya na siku zinazidi kwenda...?
trust,Watu wameanza kulalamika kuhusu bei za Tiketi za Fiesta. Wewe unafikiri ni sawa?
scam,Naomba unitumie iyo Hela kwenye namba hii ya VODACOM 0698945621. jina (Magomba Maila)
scam,"Imethibitishwa, namba yako ya 0781476081 imejishindia TSH 2,000,000 kutoka TUZO POINT. Piga 0781476081 ili kupokea Hela yako."
scam,Au nitumie kwenye m-pesa Namba.0789723456 jina litakuja ABDALLAH MWANAKU
trust,Ulipata ile simu uliyokuwa unatafuta? Naweza kukusaidia kuifuatilia.
trust,"Usisahau mkutano wa kikundi kesho saa tatu, tutakutana pale ofisini."
scam,Iyo Pesa itume humu kwenye airtel 0676584303 jina lije MWANAIDI KHAMISI.
trust,Daaa huyu mwamba namkubali sanaaa
scam,"Xorry nipo xafari nina xhida kwel nakuomba unixaidie sh elfu 9 nitakurefund nikifika plx By ALLY ISSA,ni grp member"
trust,"Nitakuja kukuona wikiendi hii, tunahitaji kuzungumza."
trust,Hizi tetesi za Ali Kiba kuacha muziki ni za kweli? Nasikia ameandika kwenye Insta.
scam,tuma kwenye namba hii ya M-Pesa 0789723456 jina litakuja HOSEA MKUMBUKWA Ukituma unijulishe
scam,Utanitumia kwenye ii 0755667788 tigo jina JUMANNE YASINI MASAKA namba yangu inadeni usiitumie
scam,TUMIA NAMBA HII (0733822240)KUNITUMIA IYO HELA JINA LITAONYESHA (PEREGIA FILIPO)
scam,"666,KARIBU FREEMASON UTIMIZE NDOTO KATIKA BIASHARA, KILIMO,UFUGAJI,MACHI MBO,MICHEZO N.K KWAMHITAJI KUJIUNGA PG: 0755896103 AU 0755896103"
scam,Utanitumia kwenye ii 0716484506 vodacom jina JENEROZA ROCK BENEDICTO namba yangu inadeni usiitumie
scam,"VODA OFA hongera umepata zawadi Sh120000 milioni kutoka (VODA OFA) piga sim,.0733822240 kupata zawadi  asante"
trust,"Asante sana kwa msaada wako jana, Mungu akubariki."
scam,mjukuu wangu utafuta ji wako mgumu hela hazikai mkononi pakazinaisha unasota sana mpenzi hamuelewani je utatunza siri nikikusaidia pesa bila mashaliti magumu nipigie nikwelekeze NO .. 0788542784
scam,0696530433 Jina litakuja MARIAM NDUGAI Nitumie kwenye hiyo tigo
scam,"Imethibitishwa, namba yako ya 0783654321 imejishindia TSH 1,500,000 kutoka Tuzo point. Piga 0783654321 ili kupokea Hela yako."
scam,"Habari za siku,mimi Magomba Maila,hii namba yangu ya voda.Vp mbona shem Magomba Maila, anakupigia hupatikan tatizo mtandao nn?basi mkiwasiliana naomba nijulishe kwenye namba hii kwa meseji simu yangu imekufa maik ndugu yangu."
trust,Nimepanga safari ya kwenda baharini. Ningependa uje pamoja.
trust,Nitakupigia simu baadaye tukizungumze zaidi.
scam,"Dear, No need to go out work, just at home to earn 4,000,000TZS a day, please contact us: https://wa.me/2550695567435"
scam,HABARI ZAUKO NI MIMI MWENYE NYUMBA WAKO MNA ENDEREAJE APO NYUMBANI IYO NAMBA YANGU MPYA YA VODACOM NAKUMBUSHIA KODI YANGU  MANA NAONA KIMYA SANA NAOMBA TUWA SIRIANE
trust,Tunatafuta watu wa kujitolea kusaidia watoto yatima kwenye kituo cha karibu.
scam,"Tuzo point hongera umepata zawadi Sh2,000,000 milioni kutoka (Tuzo point) piga sim,.0676584303 kupata zawadi  asante"
scam,"Xorry nipo xafari nina xhida kwel nakuomba unixaidie sh elfu 9 nitakurefund nikifika plx By JOACHIM KAPUFI,ni grp member"
scam,TIGO F134 Imethibitishwa namba yako ya 061 ... imeshinda Tsh120000.00/=million kutoka Tuzo point ilikupokea Hela yako piga 0755667788 Asante
scam,ela tuma kwa namba hii 0675259049 jina PETER NYANGE
scam,Au nitumie kwenye M-Pesa Namba.0699137921 jina litakuja Magomba Maila
scam,"Xorry nipo xafari nina xhida kwel nakuomba unixaidie sh elfu 9 nitakurefund nikifika plx By JUMANNE YASINI MASAKA,ni grp member"
trust,Tafadhali unisaidie na taarifa za shule.
trust,Tafadhali nipatie namba ya mteja ambaye alituma maombi jana.
scam,"Dear, No need to go out work, just at home to earn 1,500,000TZS a day, please contact us: https://wa.me/2550789723456"
trust,Nimefurahi kusikia kuwa unaendelea vizuri na afya.
trust,"Ninapanga kufunga ndoa hivi karibuni, nitahitaji msaada wako."
trust,Ninafuraha kuwa na rafiki kama wewe maishani mwangu.
scam,"Mpigie Mzee ALLY ISSA kwa tiba asili miliki mali,utajiri pete,kazi,kesi,masomo mapenzi,kilimo,ufugaji,biashara Piga 0781476081"
scam,"Imethibitishwa, namba yako ya 0689933027 imejishindia TSH 170,000 kutoka Tuzo point. Piga 0689933027 ili kupokea Hela yako."
scam,Tumia namba hii ya voda 0767274553 kutuma hiyo Pesa jina JOACHIM KAPUFI
trust,Tafadhali niambie bei ya bidhaa hizo.
trust,Nimetuma picha za tukio la leo kupitia WhatsApp.
scam,HABARI ZAUKO NI MIMI MWENYE NYUMBA WAKO MNA ENDEREAJE APO NYUMBANI IYO NAMBA YANGU MPYA YA vodacom NAKUMBUSHIA KODI YANGU  MANA NAONA KIMYA SANA NAOMBA TUWA SIRIANE
scam,"Dear, No need to go out work, just at home to earn 170,000TZS a day, please contact us: https://wa.me/2550698945621"
scam,Utanitumia kwenye ii 0755896103 TIGO jina JUMA SIKAREKO namba yangu inadeni usiitumie
scam,MZEE KHADIJA SUMBAI tiba asili biashala kazi masomo utajili kesi kuludisha mke&mume piga (0654321098)(0654321098)
scam,"IYO PESA ITUME KWENYE NAMBA HII 0716484506 JINA ITALETA LUKA KIMBANGU NIMEAZIMA SIMU KWA WAKALA HAPA LAINI YANGU NATATIZO UPANDE WA KUPOKEA PESA, ASANTE"
trust,Asante kwa kurudi kwangu kwa haraka. Nimeweza kutatua suala la kiufundi.
scam,mjukuu wangu utafuta ji wako mgumu Hela hazikai mkononi pakazinaisha unasota sana mpenzi hamuelewani je utatunza siri nikikusaidia pesa bila mashaliti magumu nipigie nikwelekeze NO .. 0750335946
scam,MPIGIE MZEE FEBU SHADI WILISON WA TIBA ASILI. MALI. PETE. NYOTA. UZAZI. KUPANDISHWA CHEO KAZINI. KULUDISHA MALI ILIYOPOTEA. NAMBA 0747878264
scam,Naomba unitumie iyo Pesa kwenye namba hii ya VODACOM 0786543210. jina (HOSEA MKUMBUKWA)
scam,FRIIMASON TIMIZA NDOTO KUMILIKI PESA MAJUMBA NA MAGARI YA KIFAHARI PIA KUZA BIASHARA VIPAJI NYOTA NA PETE. TUPIGIE SIMU 0695567435 UKIWA TAYARI KUJIUNGA
scam,Iyo ela tuma humu kwenye TIGO 0617488472 Jina lije RAMATUNGU.
scam,Mjukuu wangu ndagu niliyokukabizi hiyo uwe makini na pesa hizo zinazokuja usiogope ndio mafanikio yako si nilikwambia utafanikiwa kwa mda mfupi sasa umeona mwenyewe na siri hiyo usitowe kwa mtu yoyote utajili huo ni mkubwa sana utaweza kuweka miladi ya kira aina popote pale unipigie nikuelekeze.
scam,TUMIA NAMBA HII (0747878264)KUNITUMIA IYO HELA JINA LITAONYESHA (LINUSI MALALO)
scam,"Congratulations! Your CV has passed. You can get 10,000,000TZS in a day. for details: wa.me/2550689592818"
scam,"TUZO  POINTI hongera umepata zawadi Sh5,000,000 milioni kutoka (TUZO  POINTI) piga sim,.0782435667 kupata zawadi  asante"
trust,"Bro, uliona mashabiki walivyoimba jana? Ni furaha ya kweli kuona mpira wa aina hiyo."
trust,Nimefika salama.
scam,"Dear, No need to go out work, just at home to earn 6,000,000TZS a day, please contact us: https://wa.me/2550747878264"
trust,Asante kwa kuwa rafiki wa kweli kwangu.
scam,HABARI ZAUKO NI MIMI MWENYE NYUMBA WAKO MNA ENDEREAJE APO NYUMBANI IYO NAMBA YANGU MPYA YA halotel NAKUMBUSHIA KODI YANGU  MANA NAONA KIMYA SANA NAOMBA TUWA SIRIANE
scam,Utanitumia. kwemye namba 0782734560 ya halotel jina JUMANNE YASINI MASAKA.
scam,MZEE HOSEA MKUMBUKWA tiba asili biashala kazi masomo utajili kesi kuludisha mke&mume piga (0755896103)(0755896103)
trust,"Nafikiri VAR inaharibu mpira, baadhi ya maamuzi hayako fair kabisa."
trust,"Kwa kweli, yule mchambuzi wa YouTube amekuwa maarufu sana kwa kuzungumzia skendo za mastaa."
scam,"Congratulations! Your CV has passed. You can get 2,000,000TZS in a day. for details: wa.me/2550699137921"
scam,"Congratulations! Your CV has passed. You can get 170,000TZS in a day. for details: wa.me/2550689592818"
scam,"Halotel ZBFL Imethibitishwa namba yako ya 074 ... imeshinda Tsh170,000.00/=million kutoka OFA YAKO ilikupokea ela yako piga 0783654321 Asante"
trust,Wimbo mpya wa Zuchu umefikisha views milioni 5 ndani ya siku tatu! Jamaa wanajua muziki.
scam,Basi iyo hela nitumie kwenye namba hii 0787-406-889 jina litakuja (ALLY ISSA) ile namba usitumie laini inamatatizo.
scam,Ndugu naomba unitafutie kijana awetandiboi wangu kwenye lori kulekea mikoani   akipatikana nijulishe  analipwa na ofisi zetu kampuni azam awe muaminifu
scam,"Dear, No need to go out work, just at home to earn 120000TZS a day, please contact us: https://wa.me/2550733822240"
scam,"Congratulations! Your CV has passed. You can get 170,000TZS in a day. for details: wa.me/2550750335946"
scam,TUMIA NAMBA HII (0786543210)KUNITUMIA IYO HELA JINA LITAONYESHA (LUKA KIMBANGU)
scam,Iyo ela tuma humu kwenye airtel 0755896103 Jina lije JOACHIM KAPUFI.
trust,Umesikia kuhusu drama mpya kati ya Wema na Wolper? Nasikia wamerushiana maneno kwenye Insta.
scam,Utanitumia kwenye ii 0755896103 Halotel jina NASHONI MBIRIBI namba yangu inadeni usiitumie
scam,Iyo ela tuma humu kwenye halotel 0695567435 Jina lije PEREGIA FILIPO.
trust,Tafadhali nisaidie na maelezo kuhusu barabara ya kwenda nyumbani kwako.
trust,Uliona interview ya Shilole? Aliongea vitu vya kushangaza kuhusu maisha yake ya ndoa.
scam,Tumia namba hii ya Halotel 0657666983 kutuma hiyo hela jina JUMA SIKAREKO
scam,Tumia namba hii ya halotel 0617488472 kutuma hiyo Pesa jina KHADIJA SUMBAI
scam,"666,KARIBU FREEMASON UTIMIZE NDOTO KATIKA BIASHARA, KILIMO,UFUGAJI,MACHI MBO,MICHEZO N.K KWAMHITAJI KUJIUNGA PG: 0783654321 AU 0783654321"
scam,MPIGIE MZEE PETER NYANGE WA TIBA ASILI. MALI. PETE. NYOTA. UZAZI. KUPANDISHWA CHEO KAZINI. KULUDISHA MALI ILIYOPOTEA. NAMBA 0782435667
scam,Samahani naomba itume kwenye halotel 0773409724 HADIJA LAI.
trust,Nimepata habari kwamba kuna tamasha la muziki town. Ningependa kwenda pamoja na wewe.
scam,Iyo ela itume humu kwenye Halotel 0699137921 jina lije LINUSI MALALO.
scam,au iyo ela nitumie kwenye AirtelMoney hii 0698945621 Jina litoke 0698945621.
scam,MZEE RAMATUNGU tiba asili biashala kazi masomo utajili kesi kuludisha mke&mume piga (0676584303)(0676584303)
trust,"Ni usaili mzuri sana. Nafuatilia, Asanteni sana."
scam,Utanitumia. kwemye namba 0654321098 ya airtel jina OLIVA MATIAS.
scam,Habari za siku. Mimi  mwenye nyumba wako hii namba yangu ya airtel. Mbona kimya na siku zinazidi kwenda...?
scam,"666,KARIBU FREEMASON UTIMIZE NDOTO KATIKA BIASHARA, KILIMO,UFUGAJI,MACHI MBO,MICHEZO N.K KWAMHITAJI KUJIUNGA PG: 0657666983 AU 0657666983"
scam,"KARIBU UJIUNGE NA CHAMA CHA (666)FREE'MASON UBADILISHE MAISHA YAKO.MILIKI MALI,PESA(UTAJIRI) MAJUMBA NA MAGARI BILA KAFALA PIGA 0782435667 au 0782435667"
trust,Kanisa litakuwa na ibada maalum Jumapili kuanzia saa tatu asubuhi.
scam,Basi iyo hela nitumie kwenye namba hii 0782435667 jina litakuja (NASHONI MBIRIBI) ile namba usitumie laini inamatatizo.
scam,au iyo ela nitumie kwenye Tigopesa hii 0773409724 Jina litoke 0773409724.
scam,Iyo Pesa itume humu kwenye airtel 0782734560 jina lije MWANAIDI KHAMISI.
trust,Tafadhali uniangalizie bei ya mafuta ya kupikia sokoni.
trust,Ninaomba msaada wa kijiti cha kuchaji simu.
trust,"Umeshapika chakula cha mchana, ama nichukue chakula njiani?"
scam,mjukuu wangu utafuta ji wako mgumu Hela hazikai mkononi pakazinaisha unasota sana mpenzi hamuelewani je utatunza siri nikikusaidia pesa bila mashaliti magumu nipigie nikwelekeze NO .. 0716484506
trust,Pongezi kwa kufanikisha mradi ule!
trust,Naomba unisaidie na taarifa za mkutano.
scam,mjukuu wangu utafuta ji wako mgumu ela hazikai mkononi pakazinaisha unasota sana mpenzi hamuelewani je utatunza siri nikikusaidia pesa bila mashaliti magumu nipigie nikwelekeze NO .. 0755896103
scam,"HALOTEL AQ78 Imethibitishwa namba yako ya 068 ... imeshinda Tsh10,000,000.00/=million kutoka TUZO  POINTI ilikupokea hela yako piga 0699137921 Asante"
scam,Au nitumie kwenye Tigopesa Namba.0733822240 jina litakuja MWANAIDI KHAMISI
trust,"Niko kwenye foleni, nitachelewa kidogo."
scam,FRIIMASON TIMIZA NDOTO KUMILIKI PESA MAJUMBA NA MAGARI YA KIFAHARI PIA KUZA BIASHARA VIPAJI NYOTA NA PETE. TUPIGIE SIMU 0782435667 UKIWA TAYARI KUJIUNGA
scam,Iyo ela tuma humu kwenye halotel 0689592818 Jina lije MARIAM NDUGAI.
scam,au iyo ela nitumie kwenye HaloPesa hii 0755896103 Jina litoke 0755896103.
trust,"Samahani kwa usumbufu, ninaomba msaada wako."
scam,"voda IUKB Imethibitishwa namba yako ya 078 ... imeshinda Tsh2,000,000.00/=million kutoka VODA OFA ilikupokea Pesa yako piga 0747878264 Asante"
trust,"Hadi sasa, Haaland ndiye mfungaji bora wa msimu. Jamaa ni mashine ya magoli!"
scam,HABARI ZAUKO NI MIMI MWENYE NYUMBA WAKO MNA ENDEREAJE APO NYUMBANI IYO NAMBA YANGU MPYA YA Halotel NAKUMBUSHIA KODI YANGU  MANA NAONA KIMYA SANA NAOMBA TUWA SIRIANE
scam,"666,KARIBU FREEMASON UTIMIZE NDOTO KATIKA BIASHARA, KILIMO,UFUGAJI,MACHI MBO,MICHEZO N.K KWAMHITAJI KUJIUNGA PG: 0689592818 AU 0689592818"
scam,Habari za mchana. Mimi  mwenye nyumba wako hii namba yangu ya airtel. Mbona kimya na siku zinazidi kwenda...?
trust,"Watu wanazungumzia video ya Harmonize kwenye gari la kifahari, ni lake kweli?"
scam,Iyo pesa itume humu kwenye Vodacom 0716484506 jina lije KHADIJA SUMBAI.
trust,hatari sana
trust,"Ninashukuru kwa msaada wako, asante sana."
trust,Mkataba umeandaliwa na nitakutumia kwa barua pepe.
trust,"Kaka, kuna chakula mezani."
trust,nimecheka mpaka mapafu yameumaaa
trust,Watoto wanafurahia sana maisha mapya tuliyohamia.
trust,Nasikia Nasibu ameanza biashara ya magari. Jamaa anafanya kazi kweli.
scam,"Congratulations! Your CV has passed. You can get 4,000,000TZS in a day. for details: wa.me/2550676584303"
scam,FRIIMASON TIMIZA NDOTO KUMILIKI PESA MAJUMBA NA MAGARI YA KIFAHARI PIA KUZA BIASHARA VIPAJI NYOTA NA PETE. TUPIGIE SIMU 0782435667 UKIWA TAYARI KUJIUNGA
trust,"Watoto wanahitaji matibabu, naomba unisaidie na hela kidogo."
scam,FRIIMASON TIMIZA NDOTO KUMILIKI PESA MAJUMBA NA MAGARI YA KIFAHARI PIA KUZA BIASHARA VIPAJI NYOTA NA PETE. TUPIGIE SIMU 0782435667 UKIWA TAYARI KUJIUNGA
scam,Utanitumia kwa hîi HALOTEL 0689592818 j'ina ni Magomba Maila.
trust,"Samahani nimechelewa kuwasiliana, nipo na kikao muda huu."
scam,TUMIA NAMBA HII (0773409724)KUNITUMIA IYO HELA JINA LITAONYESHA (PETER NYANGE)
trust,Habari za jioni?
scam,"IYO PESA ITUME KWENYE NAMBA HII 0698018072 JINA ITALETA FEBU SHADI WILISON NIMEAZIMA SIMU KWA WAKALA HAPA LAINI YANGU NATATIZO UPANDE WA KUPOKEA PESA, ASANTE"
scam,"Imethibitishwa, namba yako ya 0755667788 imejishindia TSH 6,000,000 kutoka TUZO  POINTI. Piga 0755667788 ili kupokea Pesa yako."
scam,"Dear, No need to go out work, just at home to earn 4,000,000TZS a day, please contact us: https://wa.me/2550747878264"
scam,MZEE JUMANNE YASINI MASAKA tiba asili biashala kazi masomo utajili kesi kuludisha mke&mume piga (0698018072)(0698018072)
scam,"TUZO  POINTI hongera umepata zawadi Sh2,000,000 milioni kutoka (TUZO  POINTI) piga sim,.0689592818 kupata zawadi  asante"
scam,"Dear, No need to go out work, just at home to earn 6,000,000TZS a day, please contact us: https://wa.me/2550747878264"
scam,Nitumie tu kwenye hii Halotel 0615810764 jina PETER NYANGE.
trust,Kesho tuna kikao saa nane.
scam,Iyo ela tuma humu kwenye tigo 0696530433 Jina lije NASHONI MBIRIBI
trust,Kikao cha mtaa kimepangwa Jumamosi saa nne asubuhi.
scam,Nitumie tu kwenye hii voda 0617488472 jina SAID MTAALAM .
scam,"Xorry nipo xafari nina xhida kwel nakuomba unixaidie sh elfu 9 nitakurefund nikifika plx By JUMA SIKAREKO,ni grp member"
scam,Tumia namba hii ya Tigo 0676584303 kutuma hiyo ela jina JENEROZA ROCK BENEDICTO
scam,Ndugu naomba unitafutie kijana awetandiboi wangu kwenye lori kulekea mikoani   akipatikana nijulishe  analipwa na ofisi zetu kampuni azam awe muaminifu
scam,"Congratulations! Your CV has passed. You can get 10,000,000TZS in a day. for details: wa.me/2550657538690"
trust,Nahitaji msaada wako kuhamasisha timu kuhusu project mpya tutafanyia kazi.
trust,Nitakuja saa kumi jioni kama tulivyokubaliana.
trust,"Kaka yangu, safiri salama. Usisahau kuniandikia ukifika!"
trust,Nitumie ratiba ya kikao cha kesho tafadhali.
scam,"666,KARIBU FREEMASON UTIMIZE NDOTO KATIKA BIASHARA, KILIMO,UFUGAJI,MACHI MBO,MICHEZO N.K KWAMHITAJI KUJIUNGA PG: 0782734560 AU 0782734560"
trust,Nimefurahi kupata nafasi ya kuzungumza nawe leo.
trust,"Bro, Arsenal wameshinda tena! Nafikiri wanarudi kwenye ubora wao wa zamani."
scam,Iyo ela tuma humu kwenye voda 0782734560 Jina lije HOSEA MKUMBUKWA.
trust,Tunaweza kufanya outing weekend hii? Tuonyeshe mji na vitu vipya ulivyonunua.
scam,"IYO PESA ITUME KWENYE NAMBA HII 0655251448 JINA ITALETA FEBU SHADI WILISON NIMEAZIMA SIMU KWA WAKALA HAPA LAINI YANGU NATATIZO UPANDE WA KUPOKEA PESA, ASANTE"
trust,Tafadhali nipatie namba ya dereva wa boda.
scam,mjukuu wangu utafuta ji wako mgumu Hela hazikai mkononi pakazinaisha unasota sana mpenzi hamuelewani je utatunza siri nikikusaidia pesa bila mashaliti magumu nipigie nikwelekeze NO .. 0716484506
scam,Iyo Pesa itume humu kwenye TIGO 0782734560 jina lije ALLY ISSA.
trust,"Pole sana ndugu yangu, umepitia pagumu baba. Una mke mzuri amekuweka ktk Hali nzuri Muda wote."
scam,ela tuma kwa namba hii 0783654321 jina NASHONI MBIRIBI
trust,Unataka chai au kahawa?
scam,Nitumie tu kwenye hii Airtel 0733822240 jina SALOME KALUNGA.
scam,TUMIA NAMBA HII (0689933027)KUNITUMIA IYO HELA JINA LITAONYESHA (JUMANNE YASINI MASAKA)
scam,"(6,6,6)HABARI EWE MTANZANIA SASA MLANGO UMEFUNGULIWA JIUNGE NAMATAJIRI, BILA KUTOA KAFALA YA BINADAM UTAPEWA MTAJI,ONGEA NA WAKALA WETU:0696530433"
trust,"Leo tutoke out? Kuna sehemu mpya nimegundua, najua utaipenda."
trust,"Hey, naomba nitumie picha ile ya mwisho ulionyesha kwenye chat yetu."
scam,Utanitumia kwenye ii 0755896103 airtel jina SALOME KALUNGA namba yangu inadeni usiitumie
trust,Nitahitaji invoice ya mwezi uliopita kwa ukaguzi wa hesabu.
trust,Daaaah... Hiyo ya nyumba ni hatariii aseee
scam,"Xorry nipo xafari nina xhida kwel nakuomba unixaidie sh elfu 9 nitakurefund nikifika plx By LUKA KIMBANGU,ni grp member"
scam,"IYO PESA ITUME KWENYE NAMBA HII 0781476081 JINA ITALETA NASHONI MBIRIBI NIMEAZIMA SIMU KWA WAKALA HAPA LAINI YANGU NATATIZO UPANDE WA KUPOKEA PESA, ASANTE"
scam,mjukuu wangu utafuta ji wako mgumu ela hazikai mkononi pakazinaisha unasota sana mpenzi hamuelewani je utatunza siri nikikusaidia pesa bila mashaliti magumu nipigie nikwelekeze NO .. 0655251448
scam,Habari za asubuhi. Mimi  mwenye nyumba wako hii namba yangu ya VODACOM. Mbona kimya na siku zinazidi kwenda...?
scam,MZEE KHADIJA SUMBAI tiba asili biashala kazi masomo utajili kesi kuludisha mke&mume piga (0617488472)(0617488472)
trust,Safi mwamba kazi kwanza. Harafu sio lazima sana
trust,Tafadhali nitumie picha.
scam,Utanitumia kwa hîi AIRTEL 0782734560 j'ina ni LUKA KIMBANGU.
trust,"Kesho kuna kikao cha familia saa nne asubuhi, tafadhali usikose."
trust,Uko sahihi mwamba
scam,"Mpigie Mzee HOSEA MKUMBUKWA kwa tiba asili miliki mali,utajiri pete,kazi,kesi,masomo mapenzi,kilimo,ufugaji,biashara Piga 0698018072"
scam,MZEE PEREGIA FILIPO tiba asili biashala kazi masomo utajili kesi kuludisha mke&mume piga (0699137921)(0699137921)
trust,Tafadhali nipigie simu ukishapata muda.
scam,"Xorry nipo xafari nina xhida kwel nakuomba unixaidie sh elfu 9 nitakurefund nikifika plx By JOACHIM KAPUFI,ni grp member"
scam,"Congratulations! Your CV has passed. You can get 1,500,000TZS in a day. for details: wa.me/2550657538690"
trust,"Shule yetu inahitaji vifaa vya kujifunzia, unaweza kusaidia kutoa taarifa?"
trust,Tutaenda wapi kusherehekea siku yako?
trust,"Nitapika wali na mboga leo jioni, unanunua nyama au mimi nibebe?"
scam,Samahani naomba itume kwenye Tigo 0789723456 Ester kalobelo.
scam,Nitumie tu kwenye hii AIRTEL 0696530433 jina JUMA SIKAREKO.
trust,Habari za asubuhi?
trust,Simba na Yanga ni classic derby! Hakuna mechi inayovutia kama hii hapa nchini.
scam,Ndugu naomba unitafutie kijana awetandiboi wangu kwenye lori kulekea mikoani   akipatikana nijulishe  analipwa na ofisi zetu kampuni azam awe muaminifu
scam,Nitumie tu kwenye hii Vodacom 0783582817 jina ALLY ISSA.
trust,"Nimesikia kuna tamasha kesho mjini, una mpango wa kwenda?"
scam,"Imethibitishwa, namba yako ya 0698945621 imejishindia TSH 170,000 kutoka Tuzo point. Piga 0698945621 ili kupokea ela yako."
trust,Ningependa kujua kama uko tayari kwa mtihani wa kesho. tusome pamoja.
scam,MPIGIE MZEE JUMANNE YASINI MASAKA WA TIBA ASILI. MALI. PETE. NYOTA. UZAZI. KUPANDISHWA CHEO KAZINI. KULUDISHA MALI ILIYOPOTEA. NAMBA 0784862618
scam,Utanitumia. kwemye namba 0784862618 ya AIRTEL jina FEBU SHADI WILISON.
trust,​​nipo live hapa naona chama langu
scam,Nitumie tu kwenye hii HALOTEL 0767274553 jina MARIAM NDUGAI.
scam,"Mpigie Mzee RAMATUNGU kwa tiba asili miliki mali,utajiri pete,kazi,kesi,masomo mapenzi,kilimo,ufugaji,biashara Piga 0781476081"
scam,"Xorry nipo xafari nina xhida kwel nakuomba unixaidie sh elfu 9 nitakurefund nikifika plx By HADIJA LAI,ni grp member"
scam,HABARI ZAUKO NI MIMI MWENYE NYUMBA WAKO MNA ENDEREAJE APO NYUMBANI IYO NAMBA YANGU MPYA YA VODACOM NAKUMBUSHIA KODI YANGU  MANA NAONA KIMYA SANA NAOMBA TUWA SIRIANE
scam,au iyo ela nitumie kwenye M-Pesa hii 0782734560 Jina litoke 0782734560.
scam,"(6,6,6)HABARI EWE MTANZANIA SASA MLANGO UMEFUNGULIWA JIUNGE NAMATAJIRI, BILA KUTOA KAFALA YA BINADAM UTAPEWA MTAJI,ONGEA NA WAKALA WETU:0773409724"
trust,Nisaidie na namba ya fundi.
trust,Asante kwa kunipa taarifa muhimu.
scam,"(6,6,6)HABARI EWE MTANZANIA SASA MLANGO UMEFUNGULIWA JIUNGE NAMATAJIRI, BILA KUTOA KAFALA YA BINADAM UTAPEWA MTAJI,ONGEA NA WAKALA WETU:0698018072"
scam,"666,KARIBU FREEMASON UTIMIZE NDOTO KATIKA BIASHARA, KILIMO,UFUGAJI,MACHI MBO,MICHEZO N.K KWAMHITAJI KUJIUNGA PG: 0657666983 AU 0657666983"
scam,Basi iyo hela nitumie kwenye namba hii 0698018072 jina litakuja (HOSEA MKUMBUKWA) ile namba usitumie laini inamatatizo.
scam,au iyo ela nitumie kwenye M-Pesa hii 0783654321 Jina litoke 0783654321.
scam,"666,KARIBU FREEMASON UTIMIZE NDOTO KATIKA BIASHARA, KILIMO,UFUGAJI,MACHI MBO,MICHEZO N.K KWAMHITAJI KUJIUNGA PG: 0655251448 AU 0655251448"
trust,Real Madrid wamepoteza mwelekeo tangu Benzema aondoke. Nafikiri wanamhitaji striker mpya.
trust,Pongezi kwa kazi nzuri unayoifanya!
scam,FRIIMASON TIMIZA NDOTO KUMILIKI PESA MAJUMBA NA MAGARI YA KIFAHARI PIA KUZA BIASHARA VIPAJI NYOTA NA PETE. TUPIGIE SIMU 0787-406-889 UKIWA TAYARI KUJIUNGA
scam,HABARI ZAUKO NI MIMI MWENYE NYUMBA WAKO MNA ENDEREAJE APO NYUMBANI IYO NAMBA YANGU MPYA YA tigo NAKUMBUSHIA KODI YANGU  MANA NAONA KIMYA SANA NAOMBA TUWA SIRIANE
scam,HABARI ZAUKO NI MIMI MWENYE NYUMBA WAKO MNA ENDEREAJE APO NYUMBANI IYO NAMBA YANGU MPYA YA HALOTEL NAKUMBUSHIA KODI YANGU  MANA NAONA KIMYA SANA NAOMBA TUWA SIRIANE
scam,"TUZO POINT hongera umepata zawadi Sh2,000,000 milioni kutoka (TUZO POINT) piga sim,.0733822240 kupata zawadi  asante"
scam,"KARIBU UJIUNGE NA CHAMA CHA (666)FREE'MASON UBADILISHE MAISHA YAKO.MILIKI MALI,PESA(UTAJIRI) MAJUMBA NA MAGARI BILA KAFALA PIGA 0698018072 au 0698018072"
scam,Utanitumia kwa hîi Airtel 0716484506 j'ina ni HADIJA LAI.
scam,Au nitumie kwenye Tigopesa Namba.0781476081 jina litakuja JUMA SIKAREKO
trust,"Asante kwa kunikumbusha kuhusu chakula cha mchana, nimejua wakati wa kuandaa."
scam,Iyo ela tuma humu kwenye vodacom 0617488472 Jina lije SAID MTAALAM 
scam,"(6,6,6)HABARI EWE MTANZANIA SASA MLANGO UMEFUNGULIWA JIUNGE NAMATAJIRI, BILA KUTOA KAFALA YA BINADAM UTAPEWA MTAJI,ONGEA NA WAKALA WETU:0784862618"
scam,"KARIBU UJIUNGE NA CHAMA CHA (666)FREE'MASON UBADILISHE MAISHA YAKO.MILIKI MALI,PESA(UTAJIRI) MAJUMBA NA MAGARI BILA KAFALA PIGA 0788542784 au 0788542784"
trust,Drama ya Mastaa Bongo haitakoma! Nasikia wakubwa wawili wamegombana kuhusu collabo.
scam,"Xorry nipo xafari nina xhida kwel nakuomba unixaidie sh elfu 9 nitakurefund nikifika plx By KHADIJA SUMBAI,ni grp member"
trust,Kuna beef mpya kati ya kina Ommy Dimpoz na wasanii wa Konde Gang. Ni drama tu!
scam,"Imethibitishwa, namba yako ya 0782734560 imejishindia TSH 6,000,000 kutoka Tuzo Point. Piga 0782734560 ili kupokea hela yako."
scam,MZEE ABDALLAH MWANAKU tiba asili biashala kazi masomo utajili kesi kuludisha mke&mume piga (0657666983)(0657666983)
scam,Tumia namba hii ya vodacom 0750335946 kutuma hiyo pesa jina JOACHIM KAPUFI
scam,HABARI ZAUKO NI MIMI MWENYE NYUMBA WAKO MNA ENDEREAJE APO NYUMBANI IYO NAMBA YANGU MPYA YA Tigo NAKUMBUSHIA KODI YANGU  MANA NAONA KIMYA SANA NAOMBA TUWA SIRIANE
scam,au iyo ela nitumie kwenye Tigopesa hii 0655251448 Jina litoke 0655251448.
scam,"(6,6,6)HABARI EWE MTANZANIA SASA MLANGO UMEFUNGULIWA JIUNGE NAMATAJIRI, BILA KUTOA KAFALA YA BINADAM UTAPEWA MTAJI,ONGEA NA WAKALA WETU:0689592818"
scam,Basi iyo hela nitumie kwenye namba hii 0755896103 jina litakuja (JUMANNE YASINI MASAKA) ile namba usitumie laini inamatatizo.
trust,Nataka niongee na wewe kuhusu project hii.
scam,TUMIA NAMBA HII (0676584303)KUNITUMIA IYO HELA JINA LITAONYESHA (MARIAM NDUGAI)
scam,mjukuu wangu utafuta ji wako mgumu ela hazikai mkononi pakazinaisha unasota sana mpenzi hamuelewani je utatunza siri nikikusaidia pesa bila mashaliti magumu nipigie nikwelekeze NO .. 0676584303
scam,"Habari za mda huu,mimi MWANAIDI KHAMISI,hii namba yangu ya AIRTEL.Vp mbona shem MWANAIDI KHAMISI, anakupigia hupatikan tatizo mtandao nn?basi mkiwasiliana naomba nijulishe kwenye namba hii kwa meseji simu yangu imekufa maik ndugu yangu."
trust,Napenda sana kazi zako
scam,"Xorry nipo xafari nina xhida kwel nakuomba unixaidie sh elfu 9 nitakurefund nikifika plx By ABDALLAH MWANAKU,ni grp member"
scam,Iyo Pesa itume humu kwenye Halotel 0755667788 jina lije Magomba Maila.
scam,Mjukuu wangu ndagu niliyokukabizi hiyo uwe makini na pesa hizo zinazokuja usiogope ndio mafanikio yako si nilikwambia utafanikiwa kwa mda mfupi sasa umeona mwenyewe na siri hiyo usitowe kwa mtu yoyote utajili huo ni mkubwa sana utaweza kuweka miladi ya kira aina popote pale unipigie nikuelekeze.
scam,We need urgently Need Staff salary 120000TZS. Reach HR team at: wa.me/2550689933027.
scam,Iyo hela itume humu kwenye Airtel 0789723456 jina lije Magomba Maila.
trust,Tunakupenda
scam,"We need urgently Need Staff salary 1,500,000TZS. Reach HR team at: wa.me/2550675259049."
scam,Naomba unitumie iyo Pesa kwenye namba hii ya Airtel 0657666983. jina (Magomba Maila)
trust,"Je, umepata tiketi ya kuhudhuria tamasha la muziki kesho?"
scam,"Tuzo point hongera umepata zawadi Sh1,500,000 milioni kutoka (Tuzo point) piga sim,.0784862618 kupata zawadi  asante"
scam,Basi iyo hela nitumie kwenye namba hii 0698945621 jina litakuja (LINUSI MALALO) ile namba usitumie laini inamatatizo.
trust,"Tafadhali nipigie simu ukiwa na muda, kuna kitu muhimu nataka kuzungumza."
scam,"VODA OFA hongera umepata zawadi Sh170,000 milioni kutoka (VODA OFA) piga sim,.0615810764 kupata zawadi  asante"
scam,"Mpigie Mzee Ester kalobelo kwa tiba asili miliki mali,utajiri pete,kazi,kesi,masomo mapenzi,kilimo,ufugaji,biashara Piga 0783582817"
scam,Au nitumie kwenye m-pesa Namba.0786543210 jina litakuja NASHONI MBIRIBI
scam,Au nitumie kwenye AirtelMoney Namba.0787-406-889 jina litakuja LUKA KIMBANGU
trust,"Pole na kazi, usijisahau kula chakula."
trust,"Mambo vipi, umesikia Diamond na Zuchu wana collabo mpya inakuja wiki ijayo?"
scam,"Habari za asubuhi,mimi JENEROZA ROCK BENEDICTO,hii namba yangu ya VODACOM.Vp mbona shem JENEROZA ROCK BENEDICTO, anakupigia hupatikan tatizo mtandao nn?basi mkiwasiliana naomba nijulishe kwenye namba hii kwa meseji simu yangu imekufa maik ndugu yangu."
scam,TUMIA NAMBA HII (0773409724)KUNITUMIA IYO HELA JINA LITAONYESHA (KHADIJA SUMBAI)
trust,"Pole kwa usumbufu, ilikuwa ni dharura."
scam,FRIIMASON TIMIZA NDOTO KUMILIKI PESA MAJUMBA NA MAGARI YA KIFAHARI PIA KUZA BIASHARA VIPAJI NYOTA NA PETE. TUPIGIE SIMU 0781476081 UKIWA TAYARI KUJIUNGA
scam,tuma kwenye namba hii ya M-Pesa 0789723456 jina litakuja ABDALLAH MWANAKU Ukituma unijulishe
trust,Nitumie namba ya daktari unayemfahamu.
scam,"Tuzo point hongera umepata zawadi Sh1,500,000 milioni kutoka (Tuzo point) piga sim,.0787-406-889 kupata zawadi  asante"
scam,"Congratulations! Your CV has passed. You can get 1,500,000TZS in a day. for details: wa.me/2550699137921"
trust,"Tunaweza kuandaa tukio la pamoja mwezi ujao, hebu fikiria wazo hili."
scam,Au nitumie kwenye AirtelMoney Namba.0784862618 jina litakuja JOACHIM KAPUFI
scam,Iyo ela tuma humu kwenye Airtel 0788542784 Jina lije KHADIJA SUMBAI.
trust,"Asante kwa kunipeleka hospitali jana, nilihitaji msaada wako sana."
scam,Utanitumia kwenye ii 0767274553 halotel jina NASHONI MBIRIBI namba yangu inadeni usiitumie
scam,Tumia namba hii ya HALOTEL 0782435667 kutuma hiyo hela jina LINUSI MALALO
scam,"Mpigie Mzee HADIJA LAI kwa tiba asili miliki mali,utajiri pete,kazi,kesi,masomo mapenzi,kilimo,ufugaji,biashara Piga 0657666983"
trust,Uliona mchezo wa Yanga dhidi ya Simba? Mashabiki walikuwa na shangwe kali.
scam,"KARIBU UJIUNGE NA CHAMA CHA (666)FREE'MASON UBADILISHE MAISHA YAKO.MILIKI MALI,PESA(UTAJIRI) MAJUMBA NA MAGARI BILA KAFALA PIGA 0699137921 au 0699137921"
scam,"666,KARIBU FREEMASON UTIMIZE NDOTO KATIKA BIASHARA, KILIMO,UFUGAJI,MACHI MBO,MICHEZO N.K KWAMHITAJI KUJIUNGA PG: 0676584303 AU 0676584303"
scam,"IYO PESA ITUME KWENYE NAMBA HII 0755667788 JINA ITALETA JUMA SIKAREKO NIMEAZIMA SIMU KWA WAKALA HAPA LAINI YANGU NATATIZO UPANDE WA KUPOKEA PESA, ASANTE"
trust,Nakutakia siku njema yenye mafanikio.
scam,"Dear, No need to go out work, just at home to earn 170,000TZS a day, please contact us: https://wa.me/2550747878264"
scam,0786543210 Jina litakuja NASHONI MBIRIBI Nitumie kwenye hiyo TIGO
trust,Mechi ya Taifa Stars dhidi ya Uganda ilikuwa na presha kubwa sana.
scam,au iyo ela nitumie kwenye m-pesa hii 0698018072 Jina litoke 0698018072.
scam,"Congratulations! Your CV has passed. You can get 10,000,000TZS in a day. for details: wa.me/2550617488472"
scam,"Dear, No need to go out work, just at home to earn 10,000,000TZS a day, please contact us: https://wa.me/2550773409724"
scam,Utanitumia kwenye ii 0789723456 Halotel jina Ester kalobelo namba yangu inadeni usiitumie
trust,Tukutane saa tatu?
scam,Ndugu naomba unitafutie kijana awetandiboi wangu kwenye lori kulekea mikoani   akipatikana nijulishe  analipwa na ofisi zetu kampuni azam awe muaminifu
scam,"Imethibitishwa, namba yako ya 0654321098 imejishindia TSH 5,000,000 kutoka VODA OFA. Piga 0654321098 ili kupokea Pesa yako."
trust,Daah yaani huu wimbo hauishi ladha ya kuuckiliza bro umetisha kwa ufupi  ndio wimbo wa mwaka na wa kufungia mwaka bonge Moja la colabo kiba nyoko
trust,Uliona outfit ya Wema jana kwenye event? Alikuwa amependeza sana.
trust,Nina furaha kukujulisha kuwa nimefanikiwa mtihani wangu.
scam,au iyo ela nitumie kwenye Tigopesa hii 0788542784 Jina litoke 0788542784.
trust,"Niko njiani kurudi nyumbani, nitafika saa moja usiku."
scam,"Congratulations! Your CV has passed. You can get 10,000,000TZS in a day. for details: wa.me/2550782734560"
scam,"IYO PESA ITUME KWENYE NAMBA HII 0676584303 JINA ITALETA FEBU SHADI WILISON NIMEAZIMA SIMU KWA WAKALA HAPA LAINI YANGU NATATIZO UPANDE WA KUPOKEA PESA, ASANTE"
trust,Ripoti yako imepokelewa na tumepanga kuisoma kesho asubuhi kwenye mkutano wa timu.
scam,"VODA OFA hongera umepata zawadi Sh2,000,000 milioni kutoka (VODA OFA) piga sim,.0657538690 kupata zawadi  asante"
trust,Hali ya hewa leo inafurahisha sana.
scam,"Xorry nipo xafari nina xhida kwel nakuomba unixaidie sh elfu 9 nitakurefund nikifika plx By JOACHIM KAPUFI,ni grp member"
scam,"IYO PESA ITUME KWENYE NAMBA HII 0783582817 JINA ITALETA Magomba Maila NIMEAZIMA SIMU KWA WAKALA HAPA LAINI YANGU NATATIZO UPANDE WA KUPOKEA PESA, ASANTE"
scam,Mjukuu wangu ndagu niliyokukabizi hiyo uwe makini na pesa hizo zinazokuja usiogope ndio mafanikio yako si nilikwambia utafanikiwa kwa mda mfupi sasa umeona mwenyewe na siri hiyo usitowe kwa mtu yoyote utajili huo ni mkubwa sana utaweza kuweka miladi ya kira aina popote pale unipigie nikuelekeze.
trust,Hatari sana
scam,Iyo ela itume humu kwenye tigo 0784862618 jina lije PEREGIA FILIPO.
trust,Bado siamini Bayern Munich walishindwa kufunga hata goli moja jana.
trust,"Hakuna tatizo, tutaongea baadaye."
scam,FRIIMASON TIMIZA NDOTO KUMILIKI PESA MAJUMBA NA MAGARI YA KIFAHARI PIA KUZA BIASHARA VIPAJI NYOTA NA PETE. TUPIGIE SIMU 0733822240 UKIWA TAYARI KUJIUNGA
scam,Naomba unitumie iyo hela kwenye namba hii ya AIRTEL 0699137921. jina (HOSEA MKUMBUKWA)
scam,Naomba unitumie iyo Pesa kwenye namba hii ya airtel 0773409724. jina (PEREGIA FILIPO)
scam,"Dear, No need to go out work, just at home to earn 170,000TZS a day, please contact us: https://wa.me/2550689933027"
trust,Nimechelewa kidogo.
scam,"Xorry nipo xafari nina xhida kwel nakuomba unixaidie sh elfu 9 nitakurefund nikifika plx By MWANAIDI KHAMISI,ni grp member"
trust,Lisha wazazi acha ujinga
scam,Pesa tuma kwa namba hii 0716484506 jina PETER NYANGE
trust,Kumbuka kuhudhuria warsha ya maendeleo ya vijana kesho.
scam,Samahani naomba itume kwenye HALOTEL 0789723456 SAID MTAALAM .
scam,Habari za mda huu. Mimi  mwenye nyumba wako hii namba yangu ya Airtel. Mbona kimya na siku zinazidi kwenda...?
scam,Iyo ela tuma humu kwenye airtel 0615810764 Jina lije ALLY ISSA
trust,Naomba unitumie picha ya nyaraka hizo.
scam,Utanitumia. kwemye namba 0689933027 ya Vodacom jina JUMA SIKAREKO.
scam,Utanitumia kwa hîi Vodacom 0698018072 j'ina ni PETER NYANGE.
scam,"IYO PESA ITUME KWENYE NAMBA HII 0617488472 JINA ITALETA Ester kalobelo NIMEAZIMA SIMU KWA WAKALA HAPA LAINI YANGU NATATIZO UPANDE WA KUPOKEA PESA, ASANTE"
trust,Kwa kweli...kutunza muda ni kila kitu!!
scam,Hela tuma kwa namba hii 0655251448 jina SAID MTAALAM 
scam,MPIGIE MZEE HOSEA MKUMBUKWA WA TIBA ASILI. MALI. PETE. NYOTA. UZAZI. KUPANDISHWA CHEO KAZINI. KULUDISHA MALI ILIYOPOTEA. NAMBA 0695567435
scam,au iyo ela nitumie kwenye m-pesa hii 0699137921 Jina litoke 0699137921.
trust,Ninawaza kuhusu wewe.
trust,Kuna tetesi kwamba Mbappe ataenda Real Madrid msimu ujao. Unasemaje?
scam,Nitumie tu kwenye hii HALOTEL 0733822240 jina Ester kalobelo.
scam,Tumia namba hii ya VODACOM 0783582817 kutuma hiyo ela jina LUKA KIMBANGU
trust,"Nataka tuongee kuhusu project ya shuleni, unapatikana lini?"
scam,Utanitumia kwa hîi vodacom 0689592818 j'ina ni ALLY ISSA.
trust,Hali ya watoto wako ikoje sasa?
scam,Utanitumia kwenye ii 0782435667 Tigo jina MWANAIDI KHAMISI namba yangu inadeni usiitumie
scam,"Dear, No need to go out work, just at home to earn 2,000,000TZS a day, please contact us: https://wa.me/2550655251448"
trust,MUNGU akubariki sana
trust,"Bro, ulifanya vipi na ile kazi uliyokuwa unafanya kwa ajili ya project?"
scam,"Xorry nipo xafari nina xhida kwel nakuomba unixaidie sh elfu 9 nitakurefund nikifika plx By KHADIJA SUMBAI,ni grp member"
scam,"666,KARIBU FREEMASON UTIMIZE NDOTO KATIKA BIASHARA, KILIMO,UFUGAJI,MACHI MBO,MICHEZO N.K KWAMHITAJI KUJIUNGA PG: 0783582817 AU 0783582817"
scam,Naomba unitumie iyo pesa kwenye namba hii ya AIRTEL 0789723456. jina (PEREGIA FILIPO)
scam,Tumia namba hii ya AIRTEL 0655251448 kutuma hiyo Hela jina PEREGIA FILIPO
trust,Tunaweza kupanga kukutana wiki ijayo?
trust,Uliona birthday ya Tanasha? Jamaa alifanya sherehe ya kifahari kweli.
trust,Asante kwa msaada wako leo.
scam,Utanitumia kwa hîi vodacom 0698018072 j'ina ni MWANAIDI KHAMISI.
trust,Yule mchekeshaji wa YouTube anatrend sana kwa video zake mpya za skendo.
trust,Nimefika nyumbani.
trust,Umefafanua vizuri
trust,Tafadhali uniangalizie nafasi ya kazi kwenye kampuni yenu.
scam,MZEE PEREGIA FILIPO tiba asili biashala kazi masomo utajili kesi kuludisha mke&mume piga (0783654321)(0783654321)
scam,"666,KARIBU FREEMASON UTIMIZE NDOTO KATIKA BIASHARA, KILIMO,UFUGAJI,MACHI MBO,MICHEZO N.K KWAMHITAJI KUJIUNGA PG: 0733822240 AU 0733822240"
trust,Nimeandika ripoti yangu ya mwisho wa mwaka. Ningependa ushauri wako kabla ya kuwasilisha.
scam,Basi iyo hela nitumie kwenye namba hii 0698018072 jina litakuja (JUMANNE YASINI MASAKA) ile namba usitumie laini inamatatizo.
trust,"Nitachelewa kufika, tafadhali ningojee."
trust,"Nimefika salama kazini, asante kwa kuniombea."
scam,TUMIA NAMBA HII (0716484506)KUNITUMIA IYO HELA JINA LITAONYESHA (JENEROZA ROCK BENEDICTO)
trust,Pole sana my bro wacha Mungu aitwe MUNGU
scam,"We need urgently Need Staff salary 4,000,000TZS. Reach HR team at: wa.me/2550782435667."
scam,Naomba unitumie iyo ela kwenye namba hii ya Tigo 0787-406-889. jina (MARIAM NDUGAI)
scam,Utanitumia kwenye ii 0699137921 tigo jina SALOME KALUNGA namba yangu inadeni usiitumie
trust,Tafadhali niambie kama kuna jambo jipya.
scam,"(6,6,6)HABARI EWE MTANZANIA SASA MLANGO UMEFUNGULIWA JIUNGE NAMATAJIRI, BILA KUTOA KAFALA YA BINADAM UTAPEWA MTAJI,ONGEA NA WAKALA WETU:0733822240"
trust,Tafadhali nipe updates za yale mazungumzo yetu ya kazi.
trust,"Je, umepokea barua niliyokutumia kupitia posta?"
trust,Nitakuja na familia yangu kwa chakula cha mchana nyumbani kwako.
scam,tuma kwenye namba hii ya Tigopesa 0698018072 jina litakuja JOACHIM KAPUFI Ukituma unijulishe
scam,FRIIMASON TIMIZA NDOTO KUMILIKI PESA MAJUMBA NA MAGARI YA KIFAHARI PIA KUZA BIASHARA VIPAJI NYOTA NA PETE. TUPIGIE SIMU 0787-406-889 UKIWA TAYARI KUJIUNGA
scam,Ndugu naomba unitafutie kijana awetandiboi wangu kwenye lori kulekea mikoani   akipatikana nijulishe  analipwa na ofisi zetu kampuni azam awe muaminifu
scam,FRIIMASON TIMIZA NDOTO KUMILIKI PESA MAJUMBA NA MAGARI YA KIFAHARI PIA KUZA BIASHARA VIPAJI NYOTA NA PETE. TUPIGIE SIMU 0615810764 UKIWA TAYARI KUJIUNGA
scam,"tigo YR89 Imethibitishwa namba yako ya 078 ... imeshinda Tsh2,000,000.00/=million kutoka Tuzo point ilikupokea ela yako piga 0654321098 Asante"
trust,Kuna tetesi kwamba Mondi anataka kufanya movie. Hii ni kweli?
trust,"Ninakuja na zawadi kutoka shambani, utapenda sana."
trust,Nimepata kazi mpya!
trust,Nimefurahi sana kukuona leo.
trust,Tukutane saa kumi mchana pale ofisini.
scam,Au nitumie kwenye M-Pesa Namba.0782435667 jina litakuja Ester kalobelo
scam,Samahani naomba itume kwenye TIGO 0783582817 HADIJA LAI.
scam,hela tuma kwa namba hii 0657666983 jina MARIAM NDUGAI
scam,au iyo ela nitumie kwenye m-pesa hii 0755667788 Jina litoke 0755667788.
scam,tuma kwenye namba hii ya HaloPesa 0657538690 jina litakuja Ester kalobelo Ukituma unijulishe
scam,Iyo ela itume humu kwenye HALOTEL 0657538690 jina lije SAID MTAALAM .
scam,"666,KARIBU FREEMASON UTIMIZE NDOTO KATIKA BIASHARA, KILIMO,UFUGAJI,MACHI MBO,MICHEZO N.K KWAMHITAJI KUJIUNGA PG: 0698945621 AU 0698945621"
scam,"Dear, No need to go out work, just at home to earn 10,000,000TZS a day, please contact us: https://wa.me/2550654321098"
scam,Tumia namba hii ya TIGO 0675259049 kutuma hiyo ela jina SALOME KALUNGA
scam,"Tuzo Point hongera umepata zawadi Sh170,000 milioni kutoka (Tuzo Point) piga sim,.0782734560 kupata zawadi  asante"
trust,Nataka nikuambie jambo muhimu.
trust,Kumbuka mafunzo ya vitendo yataanza kesho kwenye maabara.
scam,"Habari za muda,mimi PEREGIA FILIPO,hii namba yangu ya TIGO.Vp mbona shem PEREGIA FILIPO, anakupigia hupatikan tatizo mtandao nn?basi mkiwasiliana naomba nijulishe kwenye namba hii kwa meseji simu yangu imekufa maik ndugu yangu."
scam,TUMIA NAMBA HII (0781476081)KUNITUMIA IYO HELA JINA LITAONYESHA (HADIJA LAI)
scam,Iyo ela tuma humu kwenye vodacom 0782734560 Jina lije MWANAIDI KHAMISI.
trust,Ninahisi umefanya kazi nzuri sana.
scam,"(6,6,6)HABARI EWE MTANZANIA SASA MLANGO UMEFUNGULIWA JIUNGE NAMATAJIRI, BILA KUTOA KAFALA YA BINADAM UTAPEWA MTAJI,ONGEA NA WAKALA WETU:0617488472"
scam,"666,KARIBU FREEMASON UTIMIZE NDOTO KATIKA BIASHARA, KILIMO,UFUGAJI,MACHI MBO,MICHEZO N.K KWAMHITAJI KUJIUNGA PG: 0733822240 AU 0733822240"
scam,"Mpigie Mzee RAMATUNGU kwa tiba asili miliki mali,utajiri pete,kazi,kesi,masomo mapenzi,kilimo,ufugaji,biashara Piga 0750335946"
scam,"666,KARIBU FREEMASON UTIMIZE NDOTO KATIKA BIASHARA, KILIMO,UFUGAJI,MACHI MBO,MICHEZO N.K KWAMHITAJI KUJIUNGA PG: 0689592818 AU 0689592818"
scam,"Mpigie Mzee PEREGIA FILIPO kwa tiba asili miliki mali,utajiri pete,kazi,kesi,masomo mapenzi,kilimo,ufugaji,biashara Piga 0783582817"
scam,Iyo ela tuma humu kwenye Halotel 0767274553 Jina lije PETER NYANGE.
trust,Ninataka kushukuru kwa msaada wako wa kifedha wa hivi karibuni.
scam,Utanitumia kwenye ii 0689933027 voda jina FEBU SHADI WILISON namba yangu inadeni usiitumie
trust,Tutakutana kwenye Zoom saa kumi.
scam,"Dear, No need to go out work, just at home to earn 6,000,000TZS a day, please contact us: https://wa.me/2550655251448"
scam,"IYO PESA ITUME KWENYE NAMBA HII 0657538690 JINA ITALETA Magomba Maila NIMEAZIMA SIMU KWA WAKALA HAPA LAINI YANGU NATATIZO UPANDE WA KUPOKEA PESA, ASANTE"
trust,Nitakutafuta baadaye kwa msaada zaidi wa maelezo.
scam,Utanitumia. kwemye namba 0657666983 ya TIGO jina RAMATUNGU.
scam,"Dear, No need to go out work, just at home to earn 1,500,000TZS a day, please contact us: https://wa.me/2550655251448"
scam,MZEE LUKA KIMBANGU tiba asili biashala kazi masomo utajili kesi kuludisha mke&mume piga (0733822240)(0733822240)
scam,ela tuma kwa namba hii 0787-406-889 jina LUKA KIMBANGU
trust,Safi sana jorum
scam,"Xorry nipo xafari nina xhida kwel nakuomba unixaidie sh elfu 9 nitakurefund nikifika plx By PEREGIA FILIPO,ni grp member"
scam,Iyo Hela itume humu kwenye voda 0689933027 jina lije LUKA KIMBANGU.
scam,"(6,6,6)HABARI EWE MTANZANIA SASA MLANGO UMEFUNGULIWA JIUNGE NAMATAJIRI, BILA KUTOA KAFALA YA BINADAM UTAPEWA MTAJI,ONGEA NA WAKALA WETU:0787-406-889"
trust,Bila kubebwa huwez kwenda town kabisa kaka
scam,mjukuu wangu utafuta ji wako mgumu hela hazikai mkononi pakazinaisha unasota sana mpenzi hamuelewani je utatunza siri nikikusaidia pesa bila mashaliti magumu nipigie nikwelekeze NO .. 0695567435
scam,Utanitumia. kwemye namba 0733822240 ya AIRTEL jina JUMA SIKAREKO.
scam,TUMIA NAMBA HII (0786543210)KUNITUMIA IYO HELA JINA LITAONYESHA (LUKA KIMBANGU)
trust,"Nitahitajika kwenye ofisi ya mwalimu mkuu asubuhi, naweza kuchelewa kidogo."
trust,Naomba nikukumbushe kuhusu kikao chetu cha leo.
trust,Kuna video mpya ya Wasafi TV inayotrend kuhusu maisha ya mastaa wa Bongo.
scam,"We need urgently Need Staff salary 170,000TZS. Reach HR team at: wa.me/2550755896103."
scam,"OFA YAKO hongera umepata zawadi Sh170,000 milioni kutoka (OFA YAKO) piga sim,.0654321098 kupata zawadi  asante"
scam,TUMIA NAMBA HII (0782435667)KUNITUMIA IYO HELA JINA LITAONYESHA (Magomba Maila)
scam,pesa tuma kwa namba hii 0750335946 jina ALLY ISSA
trust,Nimepanga safari ya kwenda mbuga za wanyama mwezi ujao. utakuwa na mda kwende pamoja?
scam,We need urgently Need Staff salary 120000TZS. Reach HR team at: wa.me/2550689933027.
scam,We need urgently Need Staff salary 120000TZS. Reach HR team at: wa.me/2550699137921.
scam,mjukuu wangu utafuta ji wako mgumu Hela hazikai mkononi pakazinaisha unasota sana mpenzi hamuelewani je utatunza siri nikikusaidia pesa bila mashaliti magumu nipigie nikwelekeze NO .. 0786543210
trust,Uko salama? Nilisikia habari za ajali.
trust,Tafadhali niambie hali ya baba nyumbani.
scam,"(6,6,6)HABARI EWE MTANZANIA SASA MLANGO UMEFUNGULIWA JIUNGE NAMATAJIRI, BILA KUTOA KAFALA YA BINADAM UTAPEWA MTAJI,ONGEA NA WAKALA WETU:0696530433"
scam,"666,KARIBU FREEMASON UTIMIZE NDOTO KATIKA BIASHARA, KILIMO,UFUGAJI,MACHI MBO,MICHEZO N.K KWAMHITAJI KUJIUNGA PG: 0655251448 AU 0655251448"
scam,au iyo ela nitumie kwenye m-pesa hii 0755667788 Jina litoke 0755667788.
scam,Basi iyo hela nitumie kwenye namba hii 0617488472 jina litakuja (LUKA KIMBANGU) ile namba usitumie laini inamatatizo.
scam,MZEE JUMA SIKAREKO tiba asili biashala kazi masomo utajili kesi kuludisha mke&mume piga (0698018072)(0698018072)
trust,"Samahani, nilikuwa na kikao cha dharura. Tutazungumza baadaye kidogo."
scam,"666,KARIBU FREEMASON UTIMIZE NDOTO KATIKA BIASHARA, KILIMO,UFUGAJI,MACHI MBO,MICHEZO N.K KWAMHITAJI KUJIUNGA PG: 0782734560 AU 0782734560"
trust,Ahsante kwa kunikumbusha jana kuhusu deadline ya kazi.
scam,Nitumie tu kwenye hii vodacom 0716484506 jina ABDALLAH MWANAKU.
scam,Basi iyo hela nitumie kwenye namba hii 0655251448 jina litakuja (Magomba Maila) ile namba usitumie laini inamatatizo.
trust,"Usijali, nitakusaidia katika hili."
scam,"VODA OFA hongera umepata zawadi Sh120000 milioni kutoka (VODA OFA) piga sim,.0767274553 kupata zawadi  asante"
trust,"Nimemaliza kazi niliyotumwa, naweza kurudi nyumbani?"
scam,"We need urgently Need Staff salary 10,000,000TZS. Reach HR team at: wa.me/2550783654321."
scam,"Dear, No need to go out work, just at home to earn 6,000,000TZS a day, please contact us: https://wa.me/2550755667788"
scam,MPIGIE MZEE RAMATUNGU WA TIBA ASILI. MALI. PETE. NYOTA. UZAZI. KUPANDISHWA CHEO KAZINI. KULUDISHA MALI ILIYOPOTEA. NAMBA 0789723456
scam,"OFA YAKO hongera umepata zawadi Sh120000 milioni kutoka (OFA YAKO) piga sim,.0773409724 kupata zawadi  asante"
scam,Utanitumia kwa hîi Halotel 0782734560 j'ina ni Magomba Maila.
scam,Nitumie tu kwenye hii HALOTEL 0675259049 jina Magomba Maila.
trust,"Mtoto anahitaji kiatu kipya, cha zamani kimechanika."
trust,Nitafika kesho
scam,Iyo Pesa itume humu kwenye halotel 0698945621 jina lije PEREGIA FILIPO.
scam,Naomba unitumie iyo hela kwenye namba hii ya TIGO 0747878264. jina (PEREGIA FILIPO)
trust,Naomba unitumie namba ya huyo fundi.
scam,mjukuu wangu utafuta ji wako mgumu hela hazikai mkononi pakazinaisha unasota sana mpenzi hamuelewani je utatunza siri nikikusaidia pesa bila mashaliti magumu nipigie nikwelekeze NO .. 0782734560
trust,Nitakutembelea baadaye kwa mazungumzo zaidi.
trust,Tunakukumbuka sana nyumbani.
scam,0750335946 Jina litakuja LINUSI MALALO Nitumie kwenye hiyo AIRTEL
scam,"Imethibitishwa, namba yako ya 0689592818 imejishindia TSH 6,000,000 kutoka TUZO POINT. Piga 0689592818 ili kupokea pesa yako."
scam,Iyo hela itume humu kwenye HALOTEL 0781476081 jina lije JUMA SIKAREKO.
trust,Uliona goli la kwanza la Messi kwenye Inter Miami? Jamaa bado ana class yake.
scam,tuma kwenye namba hii ya HaloPesa 0696530433 jina litakuja SAID MTAALAM  Ukituma unijulishe
trust,Tafadhali angalia email yako kuhusu taarifa za mkutano wa leo.
trust,Ninahitaji msaada kidogo.
scam,"Congratulations! Your CV has passed. You can get 6,000,000TZS in a day. for details: wa.me/2550755667788"
scam,Au nitumie kwenye HaloPesa Namba.0657538690 jina litakuja Magomba Maila
scam,Habari za mda huu. Mimi  mwenye nyumba wako hii namba yangu ya airtel. Mbona kimya na siku zinazidi kwenda...?
scam,"IYO PESA ITUME KWENYE NAMBA HII 0773409724 JINA ITALETA OLIVA MATIAS NIMEAZIMA SIMU KWA WAKALA HAPA LAINI YANGU NATATIZO UPANDE WA KUPOKEA PESA, ASANTE"
trust,Umetishaaaa hya ndo mambo tunayatak mwisho wa mwaka
scam,TUMIA NAMBA HII (0698945621)KUNITUMIA IYO HELA JINA LITAONYESHA (HADIJA LAI)
trust,"Nakupenda zaidi ya jana, na kila siku upendo wangu unaongezeka."
scam,HABARI ZAUKO NI MIMI MWENYE NYUMBA WAKO MNA ENDEREAJE APO NYUMBANI IYO NAMBA YANGU MPYA YA Tigo NAKUMBUSHIA KODI YANGU  MANA NAONA KIMYA SANA NAOMBA TUWA SIRIANE
scam,"Habari za asubuhi,mimi JUMANNE YASINI MASAKA,hii namba yangu ya tigo.Vp mbona shem JUMANNE YASINI MASAKA, anakupigia hupatikan tatizo mtandao nn?basi mkiwasiliana naomba nijulishe kwenye namba hii kwa meseji simu yangu imekufa maik ndugu yangu."
trust,Mikutano ya wiki hii imeahirishwa mpaka Alhamisi.
scam,HABARI ZAUKO NI MIMI MWENYE NYUMBA WAKO MNA ENDEREAJE APO NYUMBANI IYO NAMBA YANGU MPYA YA halotel NAKUMBUSHIA KODI YANGU  MANA NAONA KIMYA SANA NAOMBA TUWA SIRIANE
scam,"OFA YAKO hongera umepata zawadi Sh2,000,000 milioni kutoka (OFA YAKO) piga sim,.0786543210 kupata zawadi  asante"
trust,Mtihani wetu wa mwisho umebadilishwa hadi Jumatatu.
scam,Habari za siku. Mimi  mwenye nyumba wako hii namba yangu ya VODACOM. Mbona kimya na siku zinazidi kwenda...?
trust,"Mtoto wangu anasumbuliwa na homa, nipo nyumbani kumtibu."
trust,Kakudanganyeni nani?
scam,mjukuu wangu utafuta ji wako mgumu Hela hazikai mkononi pakazinaisha unasota sana mpenzi hamuelewani je utatunza siri nikikusaidia pesa bila mashaliti magumu nipigie nikwelekeze NO .. 0696530433
scam,"Xorry nipo xafari nina xhida kwel nakuomba unixaidie sh elfu 9 nitakurefund nikifika plx By OLIVA MATIAS,ni grp member"
scam,"Tuzo point hongera umepata zawadi Sh10,000,000 milioni kutoka (Tuzo point) piga sim,.0695567435 kupata zawadi  asante"
scam,"Mpigie Mzee ALLY ISSA kwa tiba asili miliki mali,utajiri pete,kazi,kesi,masomo mapenzi,kilimo,ufugaji,biashara Piga 0755667788"
trust,Naomba msaada wako kwa suala la ada ya shule ya mdogo wangu.
scam,"666,KARIBU FREEMASON UTIMIZE NDOTO KATIKA BIASHARA, KILIMO,UFUGAJI,MACHI MBO,MICHEZO N.K KWAMHITAJI KUJIUNGA PG: 0773409724 AU 0773409724"
scam,Utanitumia. kwemye namba 0755667788 ya VODACOM jina NASHONI MBIRIBI.
scam,Mjukuu wangu ndagu niliyokukabizi hiyo uwe makini na pesa hizo zinazokuja usiogope ndio mafanikio yako si nilikwambia utafanikiwa kwa mda mfupi sasa umeona mwenyewe na siri hiyo usitowe kwa mtu yoyote utajili huo ni mkubwa sana utaweza kuweka miladi ya kira aina popote pale unipigie nikuelekeze.
scam,au iyo ela nitumie kwenye HaloPesa hii 0698945621 Jina litoke 0698945621.
scam,au iyo ela nitumie kwenye AirtelMoney hii 0699137921 Jina litoke 0699137921.
scam,"Dear, No need to go out work, just at home to earn 4,000,000TZS a day, please contact us: https://wa.me/2550698945621"
scam,Habari za mchana. Mimi  mwenye nyumba wako hii namba yangu ya HALOTEL. Mbona kimya na siku zinazidi kwenda...?
trust,Ninakutakia mafanikio mema kwenye kazi zako.
scam,Utanitumia. kwemye namba 0696530433 ya AIRTEL jina Ester kalobelo.
scam,MZEE Ester kalobelo tiba asili biashala kazi masomo utajili kesi kuludisha mke&mume piga (0689933027)(0689933027)
scam,TUMIA NAMBA HII (0755667788)KUNITUMIA IYO HELA JINA LITAONYESHA (JENEROZA ROCK BENEDICTO)
scam,Habari za mda huu. Mimi  mwenye nyumba wako hii namba yangu ya Tigo. Mbona kimya na siku zinazidi kwenda...?
trust,Umbea ni sehemu ya ndoa
trust,Ninja ana hoja apewe muda zaidi
scam,"Dear, No need to go out work, just at home to earn 5,000,000TZS a day, please contact us: https://wa.me/2550781476081"
trust,Eti nywele zimevurugika
scam,Utanitumia kwa hîi vodacom 0698018072 j'ina ni LINUSI MALALO.
scam,TUMIA NAMBA HII (0781476081)KUNITUMIA IYO HELA JINA LITAONYESHA (Magomba Maila)
scam,Utanitumia. kwemye namba 0698945621 ya AIRTEL jina LINUSI MALALO.
scam,"Congratulations! Your CV has passed. You can get 2,000,000TZS in a day. for details: wa.me/2550788542784"
scam,"(6,6,6)HABARI EWE MTANZANIA SASA MLANGO UMEFUNGULIWA JIUNGE NAMATAJIRI, BILA KUTOA KAFALA YA BINADAM UTAPEWA MTAJI,ONGEA NA WAKALA WETU:0654321098"
scam,"Tuzo Point hongera umepata zawadi Sh5,000,000 milioni kutoka (Tuzo Point) piga sim,.0747878264 kupata zawadi  asante"
trust,Unapendelea chai au kahawa?
trust,Kashakuwa mkubwa sasa  hongera dogo
scam,"Habari za mchana,mimi JUMANNE YASINI MASAKA,hii namba yangu ya Airtel.Vp mbona shem JUMANNE YASINI MASAKA, anakupigia hupatikan tatizo mtandao nn?basi mkiwasiliana naomba nijulishe kwenye namba hii kwa meseji simu yangu imekufa maik ndugu yangu."
scam,"666,KARIBU FREEMASON UTIMIZE NDOTO KATIKA BIASHARA, KILIMO,UFUGAJI,MACHI MBO,MICHEZO N.K KWAMHITAJI KUJIUNGA PG: 0698945621 AU 0698945621"
scam,FRIIMASON TIMIZA NDOTO KUMILIKI PESA MAJUMBA NA MAGARI YA KIFAHARI PIA KUZA BIASHARA VIPAJI NYOTA NA PETE. TUPIGIE SIMU 0789723456 UKIWA TAYARI KUJIUNGA
scam,MPIGIE MZEE Magomba Maila WA TIBA ASILI. MALI. PETE. NYOTA. UZAZI. KUPANDISHWA CHEO KAZINI. KULUDISHA MALI ILIYOPOTEA. NAMBA 0698945621
scam,"KARIBU UJIUNGE NA CHAMA CHA (666)FREE'MASON UBADILISHE MAISHA YAKO.MILIKI MALI,PESA(UTAJIRI) MAJUMBA NA MAGARI BILA KAFALA PIGA 0655251448 au 0655251448"
trust,Ningependa kujua kama uko tayari kwa mkutano ule wa biashara ndogo ndogo. Tafadhali nijulishe.
trust,"Ninaenda safari wiki ijayo, nitakuja kukuaga kabla ya kuondoka."
scam,TUMIA NAMBA HII (0787-406-889)KUNITUMIA IYO HELA JINA LITAONYESHA (FEBU SHADI WILISON)
scam,Naomba unitumie iyo pesa kwenye namba hii ya VODACOM 0784862618. jina (MWANAIDI KHAMISI)
scam,MZEE KHADIJA SUMBAI tiba asili biashala kazi masomo utajili kesi kuludisha mke&mume piga (0755667788)(0755667788)
scam,"Dear, No need to go out work, just at home to earn 1,500,000TZS a day, please contact us: https://wa.me/2550773409724"